Renato,male,0.0028493709857424967,0.9971506290142574
ukasz,unknown,,
A,male,0.03635014836795252,0.9636498516320475
Aaron,male,0.007280339859397701,0.9927196601406022
Abdel,male,0.0032843080929947526,0.9967156919070053
AbdelHakim,unknown,,
Abdullah,male,0.000218450426765336,0.9997815495732347
Abe,male,0.00021567866196946507,0.9997843213380305
Abhijeet,male,0.030565739892046032,0.969434260107954
Abhinandan,unknown,,
Abu,male,0.0017560129364251641,0.998243987063575
Achim,unknown,,
Adam,male,0.0034379714221556674,0.9965620285778442
Adelita,female,0.998797125525788,0.0012028744742120945
Adinarayana,unknown,,
Aditya,male,0.0016076782012141863,0.9983923217987859
Adkins,unknown,,
Admar,unknown,,
Adrian,unknown,0.06775951405909854,0.9322404859409014
Adriana,female,0.9951668693474217,0.004833130652578341
Adriano,male,0.0010607222630626555,0.9989392777369375
Adrien,unknown,0.1607317271611762,0.8392682728388239
Afkham,unknown,,
Agenda,unknown,,
Agile,unknown,,
Ahmed,male,0.00012194129732741852,0.9998780587026725
Ahmet,male,0.0027925033903154445,0.9972074966096846
Aidan,unknown,0.022173004740128028,0.977826995259872
Aidas,male,0.12942000862440706,0.8705799913755929
Ain,unknown,0.8869729428518358,0.11302705714816419
Ajay,male,0.0004056735498817954,0.9995943264501183
Ajey,unknown,,
Ajith,male,0.0622795185723179,0.937720481427682
Ajo,unknown,,
Akara,female,0.922678088367899,0.07732191163210099
Akil,male,0.0010411733993856166,0.9989588266006144
Akira,unknown,0.7520096655573907,0.24799033444260937
Akitoshi,unknown,,
Akshay,male,0.001082237423328369,0.9989177625766718
Al,unknown,0.015937349071570087,0.9840626509284299
Alain,male,0.0023830257133793616,0.9976169742866206
Alan,male,0.003052403939469687,0.9969475960605304
Alasdair,male,0.002048107057737682,0.9979518929422624
Alastair,male,0.0009293406906460561,0.9990706593093538
Alban,male,0.001845429698428656,0.9981545703015715
Albert,male,0.005224860712246446,0.9947751392877536
Alberto,male,0.007766951509284227,0.9922330484907158
Albino,male,0.0011677720213301998,0.9988322279786699
Alejandro,male,0.006961944752191717,0.9930380552478083
Alek,unknown,0.017349450823837393,0.9826505491761625
Aleksander,male,0.0005890503850294352,0.9994109496149705
Aleksandr,male,0.0017260318090193609,0.9982739681909808
Aleksei,unknown,0.042204500584523,0.957795499415477
Aleksey,unknown,0.03446895919981865,0.9655310408001814
Aleksi,unknown,0.2903114573819687,0.7096885426180314
Alena,female,0.999824821910788,0.0001751780892119773
Ales,male,0.11405092152764582,0.8859490784723542
Alessandro,male,0.00027757860815773587,0.9997224213918423
Alessio,male,0.0019191848140604865,0.9980808151859395
Alex,unknown,0.038723390112201966,0.9612766098877982
Alexander,male,0.006570375462341686,0.9934296245376582
Alexandre,unknown,0.02964000302127871,0.9703599969787213
Alexandro,male,0.0003208369501541514,0.9996791630498458
Alexandru,male,0.002744621068538938,0.9972553789314611
Alexei,unknown,0.09150385476714104,0.9084961452328589
Alexey,unknown,0.06361968802000721,0.9363803119799928
Alexios,male,0.019238473742407974,0.980761526257592
Alexis,unknown,0.8476048743939009,0.15239512560609922
Alexy,unknown,0.53595701894085,0.46404298105914993
Alf,male,0.0016307795547380903,0.998369220445262
Alfonso,male,0.002890230283299726,0.9971097697167003
Alfred,male,0.005245889651193748,0.9947541103488061
Ali,unknown,0.2473762828881643,0.7526237171118357
Aliaksandr,unknown,,
Alison,female,0.994587817189084,0.005412182810916098
Allan,male,0.002735059634498644,0.9972649403655014
Allen,male,0.006924006250260333,0.9930759937497398
Allon,male,0.009067152060785039,0.9909328479392149
ALT,unknown,,
Alvaro,male,0.0005039230975257498,0.9994960769024742
Alvero,unknown,,
Amanda,female,0.9972706039571493,0.0027293960428505857
Amanpreet,unknown,0.8659695432294875,0.13403045677051253
Amar,unknown,0.038946231586457034,0.9610537684135428
Amareshwari,unknown,,
Ambarish,unknown,,
Amichai,male,0.06032360182905381,0.9396763981709462
Amila,female,0.9905769970408395,0.009423002959160445
Amit,unknown,0.05833771826051556,0.9416622817394843
Amita,female,0.9955928942992133,0.004407105700786708
Amitanand,unknown,,
Amol,male,0.008357059818588105,0.9916429401814119
Amy,female,0.9974914386610679,0.0025085613389319176
Anatole,male,0.009469457941566227,0.9905305420584337
Anatoli,male,0.19517151682653225,0.8048284831734678
Andero,unknown,,
Anders,male,0.00042356495979925735,0.9995764350402008
Andew,male,0.11405092152764582,0.8859490784723542
Andi,unknown,0.8094116594399724,0.19058834056002746
Andras,male,0.010064891512123142,0.9899351084878768
Andr,unknown,,
Andrea,unknown,0.9861640755013493,0.013835924498650799
Andreas,male,0.006864638360571086,0.993135361639429
Andrei,male,0.000754781751445748,0.9992452182485542
Andrej,male,0.006179353085301324,0.9938206469146987
Andres,male,0.005963478970137669,0.9940365210298624
Andrew,male,0.0038348158991488514,0.9961651841008512
Andrey,unknown,0.048079571331398264,0.9519204286686018
Andries,male,0.17716942148760328,0.8228305785123967
Andrii,unknown,,
Andriy,male,0.01538589700868941,0.9846141029913106
Andrus,male,0.01514329683636914,0.9848567031636308
Andrzej,male,0.0050172186094719065,0.9949827813905281
Andy,unknown,0.010847278692164012,0.989152721307836
Angela,female,0.9967608403425462,0.003239159657453662
Angelika,female,0.9992805565693484,0.0007194434306514663
Angelo,unknown,0.011614487249281259,0.9883855127507188
Aniban,unknown,,
Aniket,male,0.007091968146695338,0.9929080318533047
Anil,male,0.00140220591928293,0.9985977940807171
Anirvan,unknown,,
Anis,unknown,0.1442845894455761,0.8557154105544239
Anita,female,0.9968116448722392,0.003188355127760772
Ankit,male,0.0023400373470350427,0.997659962652965
Ankur,male,0.0028547580886794156,0.9971452419113206
Anmar,unknown,,
Ann,female,0.9970850890373802,0.002914910962619811
Anna,female,0.9969423528648054,0.0030576471351945788
Annapoornima,unknown,,
Anne,female,0.9974002137157774,0.0025997862842227636
Anoop,unknown,0.11089019715853016,0.8891098028414699
Anoubhama,unknown,,
Anousak,unknown,,
Ant,unknown,,
Antn,unknown,,
Anthony,male,0.005011168624898662,0.9949888313751014
Antoine,unknown,0.01392020228941849,0.9860797977105815
Anton,male,0.0009932812157975638,0.9990067187842024
Antoni,male,0.002774043851120648,0.9972259561488792
Antonio,male,0.008336440285713672,0.9916635597142862
Antonion,male,0.19517151682653225,0.8048284831734678
Antonius,male,0.0037897441725383233,0.9962102558274617
Antony,male,0.00017113570098851002,0.9998288642990115
Antti,unknown,,
Anurag,male,0.008430418325714005,0.9915695816742859
Anushka,female,0.9988700123587987,0.001129987641201392
Apurv,unknown,,
Aram,male,0.010102364955493643,0.9898976350445062
Archie,unknown,0.016221762771586063,0.9837782372284141
Archit,male,0.011942184111573124,0.9880578158884268
Ard,unknown,,
Arfrever,unknown,,
Aridane,unknown,,
Ariel,unknown,0.7842345879618705,0.21576541203812952
Aristedes,unknown,0.21724574737604052,0.7827542526239595
Arjan,male,0.001994928345430858,0.9980050716545692
Arj,unknown,,
Arje,unknown,,
Arjun,male,0.0002698570870135688,0.9997301429129865
Arkadiusz,male,0.03853808866489037,0.9614619113351096
Armando,male,0.005346380599192611,0.9946536194008075
Armin,male,0.0011527160971703991,0.9988472839028295
Army,female,0.8048284831734678,0.19517151682653225
Arnaud,male,0.04190080625458099,0.958099193745419
Arndt,unknown,,
Arne,male,0.0006875121338303502,0.9993124878661696
Arno,male,0.0012401526405282502,0.9987598473594719
Arnout,unknown,,
Arnulf,unknown,,
Arpit,male,0.0410062850116136,0.9589937149883864
Arron,unknown,0.01755027390020927,0.9824497260997908
Art,male,0.0011612389161483755,0.9988387610838516
Artem,male,0.00456418757081049,0.9954358124291895
Arthit,unknown,,
Arthur,male,0.005999051397178817,0.9940009486028211
Artur,male,0.0021880940707298445,0.9978119059292702
Arun,male,0.0007714546981623247,0.9992285453018376
Arved,unknown,,
Arvid,male,0.000626107945077738,0.9993738920549221
Arvind,male,0.0030448213941502906,0.9969551786058497
Arwin,male,0.01514329683636914,0.9848567031636308
Aryan,unknown,0.07184677343112963,0.9281532265688703
Asaf,male,0.007688071161888172,0.9923119288381118
Asanka,unknown,,
Asankha,unknown,,
Ashish,male,0.002048107057737682,0.9979518929422624
Ashod,unknown,,
Ashutosh,male,0.03264357189471394,0.9673564281052861
Ashwanth,unknown,,
Ashwin,male,0.0009835923200325104,0.9990164076799676
Ask,unknown,,
Assaf,male,0.19517151682653225,0.8048284831734678
Assis,unknown,,
Astrid,female,0.9997419611938008,0.0002580388061992077
Ate,unknown,,
Athur,unknown,,
Attila,male,0.003449454925781407,0.9965505450742186
Atviras,unknown,,
Avalon,female,0.9926573678413139,0.0073426321586860435
Avanish,male,0.029173045612500302,0.9708269543874997
Avdhesh,unknown,,
Avery,unknown,0.6300949282624296,0.3699050717375705
Avik,male,0.013934835347239148,0.9860651646527607
Avinash,male,0.0020635089794010064,0.997936491020599
Axel,male,0.003430852882963381,0.9965691471170366
Axl,male,0.0021489266107104434,0.9978510733892896
Azfar,male,0.1495763767754797,0.8504236232245204
BJ,male,0.010285927623975687,0.9897140723760244
Babak,male,0.006363602631313908,0.9936363973686861
Balaji,male,0.16220780975543844,0.8377921902445615
Balakrishna,unknown,,
Balasubramanian,unknown,,
Bamunavita,unknown,,
Barbara,female,0.9971176527763123,0.0028823472236877627
Barrett,unknown,0.04949156501130561,0.9505084349886944
Barrie,unknown,0.5548373414130044,0.4451626585869955
Barry,male,0.004247494235445241,0.9957525057645547
Bart,male,0.0004236055269381483,0.9995763944730619
Bartholdi,unknown,,
Bartosz,male,0.0023572679647185413,0.9976427320352814
Bas,unknown,0.7827542526239595,0.21724574737604052
Bastiaan,unknown,,
Bastian,male,0.0037381169605574948,0.9962618830394425
Baurzhan,unknown,,
BBCptdtr,unknown,,
Bear,male,0.00424165977684029,0.9957583402231598
Becky,female,0.9983318159404576,0.0016681840595424305
Beijing,unknown,,
Bella,female,0.9992917616705045,0.0007082383294955649
Ben,male,0.003920937643797892,0.9960790623562021
Benedikt,male,0.05075895310980508,0.949241046890195
Benito,male,0.0024949750059902196,0.9975050249940098
Benjamin,male,0.00313692124258823,0.9968630787574116
Benoit,male,0.004709671597992946,0.995290328402007
Benson,male,0.0002976211873560702,0.9997023788126439
Berin,unknown,,
Bernard,male,0.004942458306022637,0.9950575416939772
Bernd,male,0.019238473742407974,0.980761526257592
Bernhard,male,0.0011656460184037106,0.9988343539815964
Bernt,male,0.08056506274746661,0.9194349372525334
Berry,unknown,0.067107196194392,0.932892803805608
Bert,unknown,0.01929724877538236,0.9807027512246177
Berthold,male,0.007091968146695338,0.9929080318533047
Bertil,male,0.003953551939562195,0.9960464480604379
Bertram,male,0.0002389398990023637,0.9997610601009976
Bertrand,male,0.0004853150262506715,0.9995146849737493
Beth,female,0.9980307617916119,0.0019692382083880407
Bettina,female,0.9996993037523034,0.00030069624769656154
beunitedorg,unknown,,
Bevis,unknown,0.28075304022450887,0.7192469597754911
Bhakti,female,0.9893194900401241,0.010680509959875802
Bharath,male,0.021620502107120985,0.978379497892879
Bhargav,male,0.00975809991383935,0.9902419000861605
Bhavani,female,0.9284394372913686,0.07156056270863137
Bhupendra,unknown,,
Bhuvaneswaran,unknown,,
Biao,unknown,,
Bibek,unknown,,
Bikas,unknown,,
Bilgin,unknown,,
Bill,male,0.0044588905358598635,0.99554110946414
Billie,unknown,0.7648997686814146,0.23510023131858532
Billy,unknown,0.013416407729341702,0.9865835922706584
Bilung,unknown,,
Bin,male,0.12942000862440706,0.8705799913755929
Bindul,unknown,,
Bingbing,unknown,,
Binu,male,0.16220780975543844,0.8377921902445615
Bjoern,unknown,,
Bjorn,male,0.0008084714065112757,0.9991915285934886
Blair,unknown,0.44532641868179024,0.5546735813182098
Blaise,unknown,0.0860049448197742,0.9139950551802258
Blake,unknown,0.03237458949454539,0.9676254105054545
Blog,unknown,,
Bo,unknown,0.10981246708600198,0.890187532913998
Bob,male,0.003473612900745115,0.996526387099255
Bobby,unknown,0.029585950253622612,0.9704140497463775
Bogdan,male,0.004376977934635185,0.9956230220653648
Bojan,male,0.06659824697658936,0.9334017530234107
Boldizsar,unknown,,
Boleslaw,male,0.006839442589701811,0.9931605574102983
Bolesaw,unknown,,
Bonafede,unknown,,
Boni,female,0.9948204300704129,0.005179569929587188
Bonnie,unknown,0.9877277953906336,0.012272204609366512
Boris,male,0.00044640267492068497,0.9995535973250793
Borja,unknown,,
Bosanac,unknown,,
Bowen,unknown,0.012581870638748252,0.9874181293612516
Bozhong,unknown,,
Bracislav,unknown,,
Brad,male,0.0027956830041198123,0.9972043169958803
Braden,male,0.00658394133464174,0.9934160586653583
Bradley,male,0.004084695591356386,0.9959153044086437
Brady,unknown,0.01972437311137449,0.9802756268886256
Bram,male,0.0019249548224888598,0.9980750451775111
Brandon,male,0.005422656953293639,0.9945773430467063
Branislav,unknown,,
Branko,male,0.03320793339050095,0.966792066609499
Brant,male,0.0013508231127910557,0.998649176887209
Brendan,male,0.00369741102783233,0.9963025889721677
Brennan,unknown,0.060233387161606054,0.9397666128383939
Brent,male,0.004115908496725671,0.9958840915032742
Brett,unknown,0.02008460672788898,0.9799153932721109
Brian,male,0.0039313506231151004,0.9960686493768849
Brigitte,female,0.9997651788269347,0.00023482117306525838
Britt,unknown,0.38551377916040097,0.614486220839599
Brock,male,0.0020658285813682634,0.9979341714186317
Bruce,male,0.003681200604113863,0.9963187993958862
Bruno,male,0.00013057036791151364,0.9998694296320885
Bryan,male,0.004591208273872929,0.9954087917261272
Bryant,male,0.004926013019994153,0.9950739869800058
Bryce,unknown,0.02622445583653824,0.9737755441634618
Burn,unknown,,
Burt,male,0.0002926780984627147,0.9997073219015373
Bustamam,unknown,,
Byrial,unknown,,
Byron,male,0.003752629335941929,0.9962473706640582
C,male,0.03853808866489037,0.9614619113351096
CP,unknown,,
Cagatay,unknown,,
Caio,male,0.0034126830710452106,0.9965873169289549
Calvin,male,0.006139886674188002,0.9938601133258119
Cameron,unknown,0.08311224417521887,0.9168877558247812
Camilla,female,0.9995650503049788,0.00043494969502123394
Camille,unknown,0.9781996694978402,0.021800330502159786
Caolan,male,0.0014114794844602046,0.9985885205155399
Cark,unknown,,
Carl,male,0.006306851017246917,0.9936931489827532
Carl-Eric,unknown,,
Carlin,unknown,0.41011726147387145,0.5898827385261285
Carlo,male,0.0058199575079048915,0.9941800424920951
Carlos,male,0.0074399484313638535,0.9925600515686362
Carmine,unknown,0.03741699870603374,0.9625830012939662
Carol,unknown,0.9894989100127957,0.010501089987204294
Carsten,male,0.0011614171514369937,0.9988385828485631
Cassandra,female,0.9977161848598827,0.002283815140117225
Catalin,unknown,0.5844480475611404,0.4155519524388596
Catalina,female,0.9993346580108763,0.0006653419891237378
Catalino,male,0.008697636677147782,0.9913023633228522
Catherine,female,0.9972313426163343,0.0027686573836656265
Cdric,unknown,,
Cedric,male,0.00709939193344194,0.9929006080665581
Cedrik,male,0.01616269050568151,0.9838373094943185
Ceki,unknown,,
Celina,female,0.9994201821357771,0.000579817864222948
Centre,unknown,,
Cesar,male,0.0048289866508934385,0.9951710133491065
Cezar,male,0.003175707491019136,0.9968242925089809
Chad,male,0.004334120917040722,0.9956658790829592
Chamikara,unknown,,
Chamil,unknown,,
Chamindra,unknown,,
Chandan,male,0.02711401210588129,0.9728859878941187
Changshin,unknown,,
Chanwit,unknown,,
Chao,unknown,0.11709675347453818,0.8829032465254618
Charith,male,0.12125037874962125,0.8787496212503788
Charitha,unknown,0.7827542526239595,0.21724574737604052
Charles,male,0.00517063567213608,0.994829364327864
Charlie,unknown,0.09008834099876445,0.9099116590012355
Chas,male,0.0037161435901323803,0.9962838564098675
Chathura,unknown,,
Chathuri,unknown,,
Chatra,unknown,,
Chema,unknown,,
Chen,unknown,0.28076881565692907,0.719231184343071
Cheng,unknown,0.05786951671224235,0.9421304832877577
Cheolsee,unknown,,
Cheolsoo,unknown,,
Chetan,male,0.004521214495002372,0.9954787855049977
Chevrier,unknown,,
Chia-Hung,unknown,,
ChiaHung,unknown,,
Chico,male,0.0020350872434527147,0.9979649127565473
Chintana,unknown,,
Chinthaka,unknown,,
Chinthana,unknown,,
Chip,male,0.0006162648753148058,0.999383735124685
Chiradeep,unknown,,
Chirag,male,0.0026138966547348433,0.9973861033452652
Chris,unknown,0.1387682040414256,0.8612317959585742
Christiaan,male,0.002208218139946399,0.9977917818600536
Christian,unknown,0.04715471478822345,0.9528452852117767
Christina,female,0.995822398753331,0.004177601246669114
Christine,female,0.996535548547283,0.003464451452716874
Christof,male,0.03320793339050095,0.966792066609499
Christofer,male,0.0005628154556015726,0.9994371845443983
Christoph,male,0.00189644659145122,0.9981035534085488
Christophe,male,0.00041949474731774953,0.9995805052526823
Christopher,male,0.004685209828480154,0.9953147901715199
Chuck,male,0.0003892279204601879,0.9996107720795399
Chun-Yang,unknown,,
Chunhui,unknown,,
Cihan,male,0.12125037874962125,0.8787496212503788
Cinzia,female,0.9799585983539507,0.02004140164604931
Claude,unknown,0.010397901163217232,0.9896020988367829
Claudio,male,0.0057959354862086206,0.9942040645137914
Claus,male,0.005293770063851554,0.9947062299361484
Clay,male,0.007459019103770758,0.9925409808962292
Clebert,male,0.021620502107120985,0.978379497892879
Clemens,male,0.0012081706756195082,0.9987918293243806
Clement,male,0.0005749775752357663,0.9994250224247643
Cliff,male,0.00021495457126276724,0.9997850454287373
Clifford,unknown,0.010719936866316568,0.9892800631336833
Clinton,male,0.00453089062262189,0.9954691093773782
Cody,unknown,0.021173197080579787,0.9788268029194204
Colin,male,0.0037564905544976534,0.9962435094455024
Colm,male,0.002108818920874936,0.9978911810791251
Compaq,unknown,,
Concetto,male,0.03778008559919436,0.9622199144008057
Confucian,unknown,,
Conny,unknown,0.7196380787860313,0.28036192121396875
Conor,male,0.0023193527171649683,0.997680647282835
Conrad,male,0.0005321875719698105,0.9994678124280302
Corby,unknown,0.17917108149195554,0.8208289185080445
Corey,unknown,0.04519651546514176,0.9548034845348581
Corinne,female,0.9996342226991111,0.0003657773008889853
Cory,unknown,0.04862868818197965,0.9513713118180203
Costin,unknown,,
Craig,male,0.0033447406298988775,0.9966552593701012
Cris,unknown,0.28030966111262084,0.7196903388873791
Cristian,unknown,0.0194731738780533,0.9805268261219467
Cristovad,unknown,,
Csaba,male,0.17716942148760328,0.8228305785123967
Cserveny,unknown,,
Cuellar,unknown,,
Curt,male,0.00011592844245671344,0.9998840715575433
Curtis,male,0.008820845057739212,0.9911791549422608
Curtiss,male,0.0003810474822299514,0.9996189525177701
Cyriaque,unknown,,
Cyril,male,0.008465737353256035,0.9915342626467439
Cyrill,male,0.04821091522428818,0.9517890847757118
Cyrille,unknown,0.22733743570903747,0.7726625642909626
Cyrus,male,0.00010495118698874543,0.9998950488130113
Da,unknown,0.39153015655922,0.60846984344078
Dafu,unknown,,
Dag,male,0.03635014836795252,0.9636498516320475
Dain,male,0.0010479901809299832,0.9989520098190701
Dale,unknown,0.07293403226939822,0.9270659677306019
Dallas,unknown,0.15206135417579544,0.8479386458242045
Dalngoda,unknown,,
Damian,male,0.004602644639974156,0.9953973553600259
Damien,male,0.005090232239250287,0.9949097677607497
Damitha,unknown,,
Damjan,unknown,,
Damon,male,0.005225536287392306,0.9947744637126077
Dan,male,0.005183287356737045,0.994816712643263
Dana,unknown,0.783184936811699,0.21681506318830096
Danese,female,0.978855502324926,0.021144497675073974
Dang,unknown,0.02615492719626366,0.9738450728037363
Danial,male,0.008093278144501255,0.9919067218554988
Daniel,male,0.004123595116342665,0.9958764048836574
Daniele,unknown,0.8088968361819271,0.19110316381807296
Danilo,male,0.0007783319642557285,0.9992216680357442
Danno,unknown,,
Danny,male,0.005327978339031764,0.9946720216609684
Danushka,unknown,,
Dao-Duy,unknown,,
Darin,unknown,0.01109223552166718,0.9889077644783328
Dario,male,0.00023195709962620223,0.9997680429003738
Darragh,unknown,0.031083687202066588,0.9689163127979334
Darrell,male,0.007487244311647862,0.992512755688352
Darren,male,0.005494652398913973,0.9945053476010861
Darryl,unknown,0.0122954000085885,0.9877045999914116
Darwin,male,0.0027755981040931887,0.9972244018959068
Daryl,unknown,0.06680371893840455,0.9331962810615955
Daryn,unknown,0.281491865342232,0.7185081346577679
Dasarath,unknown,,
Davanum,unknown,,
Dave,male,0.0018184841095579794,0.998181515890442
Davi,unknown,0.3427674994910206,0.6572325005089794
David,male,0.0035711929148292436,0.9964288070851708
Davide,male,0.0022870979479940024,0.997712902052006
Dawid,male,0.0014011830396743138,0.9985988169603258
Dawn,female,0.9964249726804238,0.003575027319576236
De,unknown,0.46291873745717294,0.5370812625428271
Dean,unknown,0.016600983402023036,0.9833990165979768
Deckrider,unknown,,
Deepack,unknown,,
Deepak,male,0.0031240566676034934,0.9968759433323965
Deepal,unknown,,
Deirdre,female,0.9998844481559639,0.0001155518440361003
Dejan,unknown,0.04240771983756327,0.9575922801624368
Delali,female,0.8705799913755929,0.12942000862440706
Deltasoft,unknown,,
Denice,female,0.9998187042267814,0.00018129577321854439
Denis,unknown,0.037730575825644465,0.9622694241743556
Dennis,male,0.0042926973137712545,0.9957073026862286
Derek,male,0.004112274082253534,0.9958877259177463
Detlef,unknown,,
Devaraj,unknown,,
Dewi,male,0.01123795469484361,0.9887620453051564
DeWitt,male,0.00026913866212191116,0.9997308613378781
dfs,unknown,,
Dharshana,unknown,,
Dhaval,male,0.016725646455639766,0.9832743535443602
Dhiraj,male,0.05075895310980508,0.949241046890195
Dhruba,unknown,,
Diana,female,0.9963667636656862,0.003633236334313837
Diane,female,0.9973258758858901,0.0026741241141100035
Dianne,female,0.9979842124242377,0.0020157875757622914
Dick,male,0.0017027447204708275,0.9982972552795292
Didier,male,0.0029973085392708586,0.9970026914607292
Diego,male,0.0022120007007201538,0.99778799929928
Dieter,male,0.0021880940707298445,0.9978119059292702
Dietmar,male,0.12942000862440706,0.8705799913755929
Dietrich,unknown,0.08754911124084717,0.9124508887591529
DIGY,unknown,,
Dima,unknown,0.807597038415152,0.19240296158484813
Dimiter,unknown,,
Dimitri,unknown,0.01418454628701783,0.9858154537129822
Dimitrios,male,0.0008304935366088191,0.9991695064633911
Dimitris,male,0.003937343596774035,0.996062656403226
Dimo,unknown,,
Dimuthu,unknown,,
Dinesh,male,0.009423002959160445,0.9905769970408395
Ding,unknown,0.39672835426305353,0.6032716457369465
Dingcheng,unknown,,
Dino,male,0.00021780638400399434,0.9997821936159961
Dion,unknown,0.0746857497406901,0.9253142502593099
Dirk,male,0.00017995395397286016,0.9998200460460271
Dirk-Willem,unknown,,
Dishara,unknown,,
Disheng,unknown,,
Diwaker,unknown,,
Dmitri,male,0.0010976993574732705,0.9989023006425268
Dmitriy,male,0.004698152047149801,0.9953018479528503
Dmitry,male,0.005668725445754004,0.9943312745542461
Dmytro,unknown,,
Doacan,unknown,,
Dobri,unknown,,
Dogacan,unknown,,
DolfSmits,unknown,,
Dominic,male,0.007513641959850027,0.9924863580401498
Dominik,unknown,0.011272326498452436,0.9887276735015476
Dominique,unknown,0.702063028017169,0.297936971982831
Don,male,0.007213181120220821,0.992786818879779
Donald,male,0.0039406240441568745,0.9960593759558432
Donata,female,0.9965443392506067,0.003455660749393352
Dong,male,0.005770913251228212,0.9942290867487719
Dongbin,unknown,,
DongJun,unknown,,
Dongsheng,unknown,,
Donguk,unknown,,
Donna,female,0.9973167658501079,0.002683234149892005
Doron,male,0.0033069256747450594,0.996693074325255
Doru,unknown,,
Doug,male,0.00030819597516220455,0.9996918040248378
Douglas,male,0.003721954797222099,0.9962780452027777
Dr,unknown,,
Drew,unknown,0.08462750870723786,0.9153724912927622
Drobiazko,unknown,,
Duncan,male,0.00041332005165394393,0.999586679948346
Dushshantha,unknown,,
Dustin,male,0.00680170040994298,0.9931982995900569
Dutta,unknown,,
Dwayne,male,0.006141215536827403,0.9938587844631727
Dyre,unknown,,
Dzmitry,unknown,,
E,unknown,,
E,unknown,,
Ed,male,0.006325910562937551,0.9936740894370625
Eddie,unknown,0.0699123610538997,0.9300876389461002
Edell,unknown,0.8424639137044657,0.15753608629553428
Edgar,male,0.004817346847032202,0.9951826531529676
Edgardo,male,0.0003495006115168967,0.9996504993884832
Edith,female,0.9968875641534845,0.003112435846515728
Edmund,male,0.001222165076304117,0.9987778349236959
Edouard,male,0.0030988562239126897,0.9969011437760873
Eduardo,male,0.00451780394619452,0.9954821960538055
Edvin,male,0.002668364818037746,0.9973316351819623
Edward,male,0.0040919784659774515,0.9959080215340226
Edwin,male,0.005046245918465881,0.9949537540815341
Edyta,female,0.922678088367899,0.07732191163210099
Edzard,unknown,,
Eelco,unknown,,
Efraim,male,0.0015837187642640225,0.9984162812357361
Egle,female,0.8377921902445615,0.16220780975543844
Eiji,male,0.0622795185723179,0.937720481427682
Eike,unknown,,
Eirik,male,0.008542903092666126,0.9914570969073339
Eivind,unknown,,
Ejnar,unknown,,
Elaine,female,0.9974378678396532,0.0025621321603467658
Elan,unknown,0.2661935069387977,0.7338064930612022
Elangodi,unknown,,
Elanjelian,unknown,,
Eldar,male,0.020252716107699572,0.9797472838923005
Elena,female,0.9984971574539627,0.0015028425460372587
Eli,male,0.008290611650364649,0.9917093883496354
Elias,male,0.0026732539224072075,0.9973267460775928
Elijah,male,0.004325853856390085,0.9956741461436098
Elizabeth,female,0.9968194265689401,0.0031805734310599875
Ellen,female,0.9973415214764205,0.002658478523579553
Elliot,unknown,0.04254288053796507,0.9574571194620349
Elliott,unknown,0.03930857896261127,0.9606914210373887
Elliotte,unknown,0.7814490246674434,0.2185509753325566
Ely,unknown,0.07852903889165237,0.9214709611083476
Emily,female,0.9980830972414222,0.0019169027585777133
Emin,male,0.006342589657431476,0.9936574103425686
Emmanual,male,0.004468622860141968,0.9955313771398581
Emmanuel,male,0.005051330195719412,0.9949486698042805
Emond,male,0.09680670913635997,0.9031932908636401
Endera,unknown,,
Enis,unknown,0.43702225826030877,0.5629777417396912
Enn,unknown,,
Enrico,male,0.0004120260113513938,0.9995879739886486
Enrique,male,0.004887325984334153,0.9951126740156658
Enver,male,0.04014915889100699,0.959850841108993
Eoghan,male,0.0016704909615376587,0.9983295090384624
Eran,unknown,0.15307064022434166,0.8469293597756584
Eranga,unknown,,
Eric,male,0.004932385321425121,0.9950676146785747
Erica,female,0.9955628485626046,0.004437151437395347
Erick,male,0.006477852610282849,0.9935221473897171
Erik,male,0.0045069268460450765,0.9954930731539547
Erin,unknown,0.973456506305367,0.026543493694633172
Erlend,unknown,0.28075304022450887,0.7192469597754911
Ernedin,unknown,,
Ernest,male,0.0061476279941873975,0.9938523720058128
Ernesto,male,0.003025903535020061,0.9969740964649799
Ernie,unknown,0.0416357460312254,0.9583642539687746
Erno,unknown,0.21724574737604052,0.7827542526239595
Ernst,male,0.0008167216703709976,0.9991832783296288
Ersin,unknown,,
Erwan,male,0.10765850596359071,0.8923414940364093
Erwin,male,0.0024746654996848495,0.9975253345003151
Esben,male,0.1387700843833083,0.8612299156166917
Espen,male,0.005323111304239866,0.9946768886957602
Esteban,male,0.0012493737343756935,0.9987506262656243
Esteve,male,0.06032360182905381,0.9396763981709462
ET,unknown,,
Ethan,male,0.0015076743669468582,0.9984923256330532
Etsushi,unknown,,
Eugen,male,0.008249384989623847,0.9917506150103761
Eugene,male,0.006904676040799547,0.9930953239592005
EugeneYevgeniy,unknown,,
Eung-ju,unknown,,
Evan,unknown,0.015174626540524181,0.9848253734594757
Evanthika,unknown,,
Evert,male,0.0005993431937478595,0.999400656806252
Evert-Jan,unknown,,
Evgeniy,unknown,,
Evgeny,unknown,,
Ewan,male,0.00017321917557195512,0.9998267808244281
Fabian,male,0.009272729724864355,0.9907272702751356
Fabien,male,0.0024318800123974225,0.9975681199876026
Fabio,male,0.0007020874307927768,0.9992979125692071
Fabrice,male,0.004521214495002372,0.9954787855049977
Fabricio,male,0.0023601644349465546,0.9976398355650534
Fabrizio,male,0.0019385540534430528,0.998061445946557
Falko,unknown,,
Farhaan,male,0.004177090545961914,0.9958229094540381
Farid,male,0.0023865565597006914,0.9976134434402993
Fay,unknown,0.8876785854841139,0.1123214145158861
Federico,male,0.0008373784199324522,0.9991626215800675
Fedor,male,0.0622795185723179,0.937720481427682
Felipe,male,0.0047529345427425075,0.9952470654572575
Felix,male,0.00790840871950398,0.9920915912804962
Feng,male,0.06659824697658936,0.9334017530234107
Ferdinand,male,0.0002185249845685501,0.9997814750154315
Ferdy,male,0.09216183018578228,0.9078381698142177
Fernanda,female,0.9977158735433875,0.0022841264566124614
Fernando,male,0.006543322759085655,0.9934566772409145
Filip,male,0.0004937990277033388,0.9995062009722966
Filipe,male,0.00426047640679121,0.9957395235932088
Filippo,male,0.0032075259968579336,0.9967924740031421
Finn,unknown,0.01188644189125343,0.9881135581087466
Flavio,male,0.0006952262482221202,0.9993047737517777
Florence,female,0.9958289109045569,0.004171089095443186
Florent,male,0.027901733835355363,0.9720982661646447
Florian,unknown,0.015971753626760517,0.9840282463732394
floris,unknown,0.9614227641344397,0.038577235865560326
Fotis,male,0.09216183018578228,0.9078381698142177
Franois,unknown,,
Franois,unknown,,
Francesco,male,0.000270312808548955,0.999729687191451
Francis,unknown,0.09170361568742906,0.9082963843125711
Franck,male,0.014568997949054014,0.9854310020509459
Franco,male,0.000354140135655879,0.9996458598643442
Francois,male,0.004122366279224913,0.9958776337207752
Frank,male,0.0050556610017203595,0.9949443389982795
Franz,male,0.000704404685626037,0.9992955953143738
Fraser,male,0.00038082084100341294,0.9996191791589966
Frdric,unknown,,
Fred,male,0.005880984368574991,0.9941190156314251
Frederic,male,0.00013331629076210831,0.9998666837092379
Frederick,male,0.004127454756190069,0.9958725452438101
Fredericus,unknown,,
Frederik,male,0.003149670340626156,0.9968503296593738
Fredrik,male,0.0040622483300961675,0.9959377516699038
Freeman,male,0.0006558233566208366,0.9993441766433792
Fridrich,unknown,,
Friedemann,unknown,,
Fuhwei,unknown,,
Fumitada,unknown,,
G,unknown,,
GW,unknown,,
Gabor,male,0.012325335468835021,0.9876746645311649
Gabriel,unknown,0.0214261663211734,0.9785738336788267
Gabriele,unknown,0.7441988973771908,0.2558011026228091
Gabrielle,female,0.9947569854145915,0.005243014585408531
Gagandeep,unknown,0.2860495700058121,0.713950429994188
Gal,unknown,0.494620601804035,0.505379398195965
Ganesh,male,0.006888498703206409,0.9931115012967936
Gang,unknown,,
Gann,unknown,,
Gareth,male,0.0011826704263492027,0.9988173295736508
Garey,male,0.0013211893235136481,0.9986788106764865
Garr,male,0.05359135752868175,0.9464086424713183
Garrett,male,0.0035454052169901257,0.9964545947830099
Garry,male,0.0037906763418356633,0.9962093236581644
Garth,male,0.00020178925973513416,0.9997982107402649
Gary,male,0.003644395737508903,0.996355604262491
Gaurav,male,0.0024257376727870824,0.9975742623272129
Gaute,unknown,,
Gavin,male,0.0023061491014532004,0.9976938508985467
Gayan,unknown,,
Gazda,unknown,,
Gktrk,unknown,,
Ged,male,0.04190080625458099,0.958099193745419
Geert,unknown,,
Geir,unknown,,
geirm,unknown,,
Genicorp,unknown,,
Geoff,male,0.001233779981213246,0.9987662200187868
Geoffrey,male,0.0026275381149359857,0.997372461885064
Georg,unknown,0.025534999451634132,0.9744650005483659
George,male,0.006512335551151573,0.9934876644488484
GeorgeVarghese,unknown,,
Gerald,male,0.005331433387242172,0.9946685666127579
Gerd,unknown,0.5135716146964301,0.48642838530356985
Gerhard,male,0.0007990543137284917,0.9992009456862714
German,male,0.0008139396598897009,0.9991860603401103
Gerolf,unknown,,
Gert,unknown,,
Gertjan,unknown,,
Ghislain,unknown,,
Gi,unknown,0.7827542526239595,0.21724574737604052
Gia,female,0.9990422867359995,0.0009577132640004844
Giacomo,male,0.0011346602068380172,0.998865339793162
Giampaolo,unknown,,
Gianfranco,male,0.0021781689591418687,0.9978218310408582
Gianluca,male,0.0008680241730813446,0.9991319758269185
Gianmarco,male,0.0033766869371016466,0.9966233130628984
Gianny,unknown,0.507878929222003,0.492121070777997
Gianugo,unknown,,
Gilberto,male,0.002244742472735734,0.9977552575272642
Gildecio,unknown,,
Giles,male,0.00038891710963153786,0.9996110828903685
Gilles,male,0.005151785637654167,0.9948482143623458
Gintautas,unknown,,
Giorgio,male,0.0012806685719345295,0.9987193314280656
Giota,unknown,,
Giovanni,unknown,0.01568495377484185,0.9843150462251582
Giridharan,unknown,,
Gisle,unknown,,
Giuseppe,male,0.0003775274764843308,0.9996224725235157
Glaucio,unknown,,
Glen,unknown,0.01066759179508947,0.9893324082049106
Glenn,male,0.0085737277555115,0.9914262722444884
Goetz,unknown,,
Gokhan,male,0.08409218268422526,0.9159078173157748
Gokturk,unknown,,
Gomez,unknown,0.21724574737604052,0.7827542526239595
Goran,male,0.013447063040458802,0.986552936959541
Gord,unknown,,
Gordon,male,0.004399205803663809,0.9956007941963361
Goto,unknown,,
Gottfried,male,0.01616269050568151,0.9838373094943185
Grace,female,0.9975165420089628,0.0024834579910373265
Graham,male,0.003223644896963438,0.9967763551030365
Grant,male,0.0017528479834228352,0.9982471520165772
Greg,male,0.001858844508817903,0.9981411554911822
Gregg,male,0.003142673862380765,0.9968573261376192
Grgoire,unknown,,
Gregor,male,0.001100844913372079,0.998899155086628
Grgory,unknown,,
Grzegorz,male,0.017486999461042083,0.982513000538958
Guenter,unknown,0.21724574737604052,0.7827542526239595
Guergana,unknown,,
Guido,male,0.000575979380849753,0.9994240206191501
Guilhem,unknown,,
Guillame,unknown,,
Guillaume,male,0.004630201021305481,0.9953697989786946
Gunnar,male,0.0007862740267823946,0.9992137259732177
Gunther,male,0.0022391080124815584,0.9977608919875185
Gurkan,male,0.19517151682653225,0.8048284831734678
Gurusamy,unknown,,
Guy,male,0.0051730651871967365,0.9948269348128034
Gwen,unknown,0.9898182489406355,0.01018175105936443
Gwenole,unknown,,
Gwyn,unknown,0.8453928250737007,0.1546071749262992
Gnther,unknown,,
Gktrk,unknown,,
Grkem,unknown,,
Hadrian,male,0.004698152047149801,0.9953018479528503
Hagar,female,0.9852065901837316,0.014793409816268437
Hai,unknown,0.045029987876387324,0.9549700121236127
Haihong,unknown,,
Hailei,female,0.9928552723983194,0.007144727601680692
Hairong,unknown,,
Hakan,male,0.0051242978367395725,0.9948757021632605
Haleh,female,0.9334017530234107,0.06659824697658936
Halfdan,unknown,,
Halley,unknown,0.965256299999435,0.03474370000056493
Han,unknown,0.4813010911724273,0.5186989088275726
Hannes,male,0.04283522443445372,0.9571647755655462
Hans,male,0.00049073798006779,0.9995092620199322
Hans-Joachim,unknown,,
Hans-Peter,unknown,0.39672835426305353,0.6032716457369465
Hanson,male,0.0014411314892932513,0.9985588685107069
Harald,male,0.002582270203763812,0.9974177297962362
Harbs,unknown,,
Hari,male,0.0021606081659271323,0.997839391834073
Harish,male,0.004698152047149801,0.9953018479528503
Harmeet,unknown,0.41654426492188545,0.5834557350781145
Harry,male,0.003897468317094501,0.9961025316829055
Harsh,male,0.0025892319869902144,0.9974107680130098
Hasan,male,0.00031992849378304714,0.999680071506217
Hazem,male,0.009960506446741782,0.9900394935532582
He,unknown,0.21724574737604052,0.7827542526239595
Heath,male,0.006738446451407865,0.9932615535485921
Heather,female,0.9972025604103233,0.0027974395896765425
Hector,male,0.00495955290630962,0.9950404470936904
Heidi,female,0.9974836805966635,0.0025163194033363616
Heiko,male,0.1019446331521739,0.898055366847826
Helder,male,0.008619575519113127,0.9913804244808868
Helen,female,0.9969549033156392,0.0030450966843607384
Helga,female,0.9991284310088346,0.0008715689911652451
Helge,male,0.03635014836795252,0.9636498516320475
Helma,female,0.9967924740031421,0.0032075259968579336
Helmut,male,0.004232313653045468,0.9957676863469546
Hemanta,unknown,,
Hemanth,male,0.07732191163210099,0.922678088367899
Hemapani,unknown,,
Hendrik,male,0.002955797228124515,0.9970442027718756
Heng,male,0.09216183018578228,0.9078381698142177
Henk,unknown,,
Henner,unknown,,
Hennes,unknown,,
Henning,male,0.011113065373150908,0.988886934626849
Henri,unknown,0.12080014480546654,0.8791998551945335
Henrik,male,0.0017771336706507224,0.9982228663293494
Henrique,male,0.004308256564663325,0.9956917434353367
Henry,male,0.006724472599566264,0.9932755274004336
Henryk,male,0.020914269786240655,0.9790857302137593
Herbert,male,0.004886747043095266,0.9951132529569047
Hercule,unknown,,
Herm,unknown,,
Herman,male,0.005857663385664094,0.9941423366143357
Hermann,male,0.0027174405128390857,0.9972825594871609
Hernan,male,0.0004484872847036883,0.9995515127152963
Herv,unknown,,
Hesham,male,0.00520765553560119,0.9947923444643989
Heshan,unknown,,
Hettige,unknown,,
hgilde,unknown,,
Hideharu,unknown,,
Hidetoshi,unknown,,
HidetoTange,unknown,,
Hilco,unknown,,
Hiram,male,0.00014627042105046407,0.9998537295789496
Hiranya,unknown,,
Hiroaki,male,0.08056506274746661,0.9194349372525334
Hitesh,male,0.020252716107699572,0.9797472838923005
Hitoshi,male,0.013170453423440224,0.9868295465765596
Hoang,unknown,0.07143301755330043,0.9285669824466996
Hojin,unknown,,
Holger,male,0.007975366381887514,0.9920246336181124
Hollis,unknown,0.21129103613168962,0.7887089638683104
Holly,female,0.9936271100557005,0.006372889944299472
Hong,unknown,0.6577439697946471,0.34225603020535295
Hongfang,unknown,,
Hongyun,unknown,,
Hontvari,unknown,,
Honwai,unknown,,
Honza,unknown,,
Horst,male,0.022118431719360305,0.9778815682806397
Hossam,male,0.07432976286298061,0.9256702371370193
Howard,male,0.004855040539713779,0.9951449594602864
Hrega,unknown,,
Hrishit,unknown,,
Hristo,male,0.058486797232777936,0.9415132027672221
Hubert,male,0.003305825215014182,0.9966941747849858
Hugo,male,0.0009749535576996286,0.9990250464423004
Humberto,male,0.0007735333545962863,0.9992264666454037
Humboldt-Universitaet,unknown,,
Hungarian,unknown,,
Hunter,unknown,0.05032718818737746,0.9496728118126224
Hutson,male,0.008982349552191902,0.991017650447808
Huw,male,0.0019846222770337624,0.9980153777229662
Hyrum,male,0.0007885570227555025,0.9992114429772444
Hyunsik,unknown,,
Hkon,unknown,,
Iaacov,unknown,,
Ian,male,0.0035772868317243025,0.9964227131682756
Ignacio,male,0.0014071189933910913,0.9985928810066089
Igor,male,0.0015746306733595574,0.9984253693266405
Ilene,female,0.9998904705850796,0.00010952941492041531
Ilgiz,unknown,,
Ilia,unknown,0.8421074035889128,0.15789259641108724
Ilja,male,0.10765850596359071,0.8923414940364093
Ilkka,unknown,,
Ilya,unknown,0.08800989833758689,0.9119901016624131
Ilyas,male,0.0012730295877314093,0.9987269704122687
imacat,unknown,,
Ime,unknown,,
Imtiaz,male,0.016872566794563674,0.9831274332054363
Inaki,male,0.015024843243513848,0.9849751567564862
Indika,female,0.9396763981709462,0.06032360182905381
Inga,female,0.9995123439338103,0.00048765606618961265
Ingmar,male,0.19517151682653225,0.8048284831734678
Ingo,male,0.03932713097032038,0.9606728690296796
Ingrid,female,0.9992320742871288,0.0007679257128711765
Intersol,unknown,,
Ioan,male,0.004850433292665423,0.9951495667073347
Ioannic,unknown,,
Ioannis,male,0.0016821947982977672,0.9983178052017023
Iosif,male,0.03008696523896644,0.9699130347610335
Iouri,unknown,,
Ira,unknown,0.0916052425125447,0.9083947574874552
Irina,female,0.998373363540038,0.0016266364599621152
Isabel,unknown,0.9854293502927928,0.014570649707207312
Isabelle,female,0.999785113036456,0.00021488696354407882
Isik,unknown,,
Ismael,male,0.0023543829091274213,0.9976456170908726
Issac,male,0.0009720500371295085,0.9990279499628705
Istvan,male,0.021866632666071653,0.9781333673339283
Isuru,unknown,,
Itamar,unknown,0.06186889968282181,0.9381311003171782
Itzchack,unknown,,
Iulian,unknown,0.24495001020199958,0.7550499897980004
Ivan,male,0.005315660455739553,0.9946843395442605
Ivanov,unknown,,
Ivelin,female,0.8377921902445615,0.16220780975543844
Ivo,male,0.007716858807619986,0.99228314119238
Ivy,unknown,0.9183823368683834,0.08161766313161656
Iwo,male,0.04945213379469435,0.9505478662053056
Izumi,female,0.9622199144008057,0.03778008559919436
J,male,0.020468534210840394,0.9795314657891596
Jrme,unknown,,
Joumlrg,unknown,,
J,male,0.020468534210840394,0.9795314657891596
JD,unknown,0.025787467475644702,0.9742125325243554
Jrg,unknown,,
Jacco,unknown,,
Jacek,male,0.004327670051658069,0.995672329948342
Jack,male,0.0032746879071782224,0.9967253120928217
Jacky,unknown,0.14665027131055824,0.8533497286894418
Jacob,male,0.002399491779162405,0.9976005082208375
Jacobo,male,0.0008044084666252567,0.9991955915333746
Jacobus,male,0.0149082283982813,0.9850917716017187
Jacopo,male,0.055129500367376925,0.944870499632623
Jacqueline,female,0.9966696788564862,0.00333032114351395
Jacques,unknown,0.02515207095154039,0.9748479290484596
Jagane,unknown,,
Jaimin,male,0.010225636919617379,0.9897743630803826
Jaka,unknown,,
Jake,male,0.001271220592829462,0.9987287794071704
Jakob,male,6.719410353130901e-05,0.9999328058964687
Jakub,male,0.0003426425748454969,0.9996573574251545
Jaliya,female,0.9951475539710835,0.004852446028916617
James,male,0.004430191941466983,0.9955698080585331
Jamie,unknown,0.6847670201774797,0.3152329798225204
Jamil,unknown,0.03564931701515743,0.9643506829848426
Jan,unknown,0.7064491939238526,0.29355080607614736
Jan-Hendrick,unknown,,
Jan-Kees,unknown,,
Janek,male,0.06899028791448766,0.9310097120855123
Jann,unknown,0.9402504332609355,0.05974956673906437
Janne,female,0.9962251514027155,0.0037748485972844987
Janos,male,0.012567259175512425,0.9874327408244875
Janus,unknown,0.7965862917815938,0.20341370821840615
Jared,male,0.003867102985777494,0.9961328970142224
Jarek,male,0.0014073428008056026,0.9985926571991945
Jarkko,unknown,,
Jarle,unknown,,
Jaroslav,male,0.04014915889100699,0.959850841108993
Jaroslaw,male,0.08056506274746661,0.9194349372525334
Jarsolav,unknown,,
Jasha,female,0.9924031488489236,0.007596851151076405
Jasja,unknown,,
Jason,male,0.004896948910914305,0.9951030510890856
Jasvir,unknown,0.21724574737604052,0.7827542526239595
Jauder,unknown,,
Javier,male,0.005520982807950549,0.9944790171920496
Jay,unknown,0.013250171953624235,0.9867498280463757
Jayachandra,unknown,,
Jayamohan,unknown,,
Jrme,unknown,,
Jrg,unknown,,
Jrn,unknown,,
Jrgen,unknown,,
JCC,unknown,,
Jean,unknown,0.9516925473491015,0.04830745265089861
Jean-Baptiste,male,0.12942000862440706,0.8705799913755929
Jean-Christophe,unknown,,
Jean-Daniel,unknown,,
Jean-Francois,unknown,,
Jean-Frederic,unknown,,
Jean-Jacques,unknown,0.24495001020199958,0.7550499897980004
Jean-Louis,unknown,0.28075304022450887,0.7192469597754911
Jean-Michel,unknown,,
Jean-Pierre,male,0.04483492680011951,0.9551650731998805
Jean-Sebastien,unknown,,
Jean-Yves,unknown,,
Jeanne,female,0.9977762320559013,0.002223767944098641
Jed,male,0.0002010921119127436,0.9997989078880872
Jedidiah,male,0.003689145251964428,0.9963108547480356
Jeff,male,0.002167888364862189,0.9978321116351379
Jeffery,male,0.005554751266835218,0.9944452487331646
Jeffrey,male,0.0036020776709085826,0.9963979223290913
Jeffry,male,0.0007904074526283315,0.9992095925473716
Jelmer,unknown,,
Jem,unknown,0.15736431626924263,0.8426356837307574
Jennifer,female,0.9967283404546685,0.0032716595453315166
Jens,male,0.0008771410681028251,0.999122858931897
Jens-Heiner,unknown,,
Jeon,unknown,0.21724574737604052,0.7827542526239595
Jeongkyu,unknown,,
Jeppe,unknown,,
Jeremi,unknown,0.03025401333050827,0.9697459866694919
Jeremiah,male,0.0038556761240711723,0.9961443238759287
Jeremias,male,0.0009217591202709456,0.9990782408797289
Jeremy,male,0.005392441069711616,0.9946075589302885
Jeroen,male,0.1019446331521739,0.898055366847826
Jerome,male,0.006629339949153328,0.9933706600508465
Jeromy,male,0.00040584497905021794,0.9995941550209498
Jerry,unknown,0.027643111980013974,0.9723568880199859
Jervis,male,0.006696378767933242,0.9933036212320668
Jes,male,0.014793409816268437,0.9852065901837316
Jesper,male,0.013735540783286232,0.9862644592167137
Jesse,unknown,0.028264938478978072,0.9717350615210221
Jessica,female,0.9968323135069851,0.0031676864930149204
Jess,unknown,0.032350518133538356,0.9676494818664616
Jevica,unknown,,
Jeyakumaran,unknown,,
Jian,unknown,0.020743680101906133,0.9792563198980939
Jiansheng,unknown,,
Jianyong,unknown,,
Jianyuan,unknown,,
Jiaping,unknown,,
Jiaqi,female,0.8048284831734678,0.19517151682653225
Jie,unknown,0.1627416899552405,0.8372583100447595
Jim,male,0.0053225504037325445,0.9946774495962674
Jimmy,male,0.007720044732119246,0.9922799552678809
Jin,unknown,0.26912199636666034,0.7308780036333397
Jing,unknown,0.7808345137062122,0.21916548629378788
Jinho,unknown,,
Jiri,male,0.04945213379469435,0.9505478662053056
Jitendra,unknown,,
Joachim,male,0.00185254912611531,0.9981474508738848
Joakim,male,0.028736595174262733,0.9712634048257373
Joanmarie,female,0.9919913809781121,0.008008619021887778
Joanne,female,0.9976224503075605,0.0023775496924393945
Joao,male,0.0010816280010559499,0.9989183719989442
Jochen,unknown,,
Jody,unknown,0.6425499425303473,0.3574500574696527
Joe,unknown,0.023715762000022414,0.9762842379999777
Joel,male,0.009358471596857048,0.9906415284031431
Joerg,unknown,,
Joerk,unknown,,
Joern,unknown,,
Joey,unknown,0.1028397489734499,0.8971602510265501
Johan,unknown,0.016299146984741476,0.9837008530152586
Johannes,male,0.0010479901809299832,0.9989520098190701
John,male,0.004235756725634096,0.995764243274366
Johnathan,male,0.003977167871607213,0.9960228321283928
Johnny,unknown,0.011841763287623503,0.9881582367123766
Jomar,male,0.00126049846650728,0.9987395015334928
Jon,male,0.0075165680443359745,0.9924834319556639
Jonas,male,0.0014201445228009119,0.9985798554771991
Jonatan,male,0.0006250891682799399,0.9993749108317199
Jonathan,male,0.00426210576485549,0.9957378942351444
Jonathon,male,0.003489294526453009,0.996510705473547
Jongjin,unknown,,
Joni,unknown,0.9832550102301885,0.01674498976981153
Joonsuk,unknown,,
Joost,unknown,0.28075304022450887,0.7192469597754911
Joram,male,0.01044812490752909,0.9895518750924708
Jordan,unknown,0.2557839590650336,0.7442160409349665
Jordane,unknown,0.9395777061151805,0.060422293884819414
Jordi,unknown,0.053145208743156785,0.946854791256843
Jorg,unknown,,
Jorge,male,0.005712472990620669,0.9942875270093794
Jorgen,male,0.004308256564663325,0.9956917434353367
Jorn,male,0.19517151682653225,0.8048284831734678
Jose,male,0.0076612900185149884,0.9923387099814849
Josef,male,0.00020685254850782723,0.9997931474514922
Joseph,male,0.004007583458053441,0.9959924165419466
Joset,unknown,0.348802515926135,0.651197484073865
Josh,male,7.67434638285457e-05,0.9999232565361714
Joshua,male,0.003795673067332219,0.9962043269326678
Josiah,male,0.00425368447182987,0.9957463155281703
Josias,male,0.0014052835383412386,0.9985947164616589
Josimpson,unknown,,
Jost,unknown,,
Jostein,male,0.19517151682653225,0.8048284831734678
Joszef,unknown,,
Joydeep,unknown,,
Jozef,male,0.0015798110543347092,0.9984201889456654
Jrg,unknown,,
jstrachan,unknown,,
Juan,male,0.008218154047134923,0.9917818459528652
Juegen,unknown,,
Juergen,male,0.020914269786240655,0.9790857302137593
Juhani,unknown,,
Jukka,unknown,,
Jules,unknown,0.09991919415691272,0.9000808058430873
Julian,unknown,0.017401572535710137,0.9825984274642897
Julie,female,0.9969893381989019,0.0030106618010981674
Julien,unknown,0.020242551957661788,0.9797574480423382
Julio,male,0.007446503179857431,0.9925534968201426
Julius,male,0.005654303930512176,0.994345696069488
Jun,unknown,0.05795246657631425,0.9420475334236859
Junping,unknown,,
Juozas,unknown,,
Juraj,unknown,,
Jure,unknown,,
Jurgen,male,0.005876852885312029,0.994123147114688
Justin,male,0.0049493708163417215,0.9950506291836582
Justyna,female,0.9953133112890444,0.004686688710955647
Jrg,unknown,,
Jrgen,unknown,,
Jrg,unknown,,
Jrn,unknown,,
K,female,0.8923414940364093,0.10765850596359071
Kabrianis,unknown,,
Kai,unknown,0.10584462522214586,0.8941553747778541
Kai-Peter,unknown,,
Kalle,unknown,0.8996181550719649,0.1003818449280352
Kamaljit,female,0.8377921902445615,0.16220780975543844
Kamesh,unknown,,
Kan,male,0.17716942148760328,0.8228305785123967
Kanchana,unknown,,
Kannada,unknown,,
Kannan,male,0.01643935036836195,0.983560649631638
Kaoru,unknown,0.3332297395715613,0.6667702604284387
Kapil,male,0.012016896727760481,0.9879831032722395
Karan,unknown,0.644618506815408,0.355381493184592
Karel,unknown,0.7001343974991671,0.299865602500833
Karen,female,0.9971977179017667,0.0028022820982332684
Karl,male,0.008910663593322411,0.9910893364066776
Karl-Johan,unknown,,
Kars,unknown,,
Karsten,unknown,0.05565187372043857,0.9443481262795613
Karthick,unknown,,
Karthik,male,0.0018278682534075543,0.9981721317465926
Kaspar,male,0.010621449931874081,0.9893785500681258
Kasper,male,0.0021880940707298445,0.9978119059292702
Kasun,unknown,,
Katherine,female,0.9971272367973395,0.002872763202660344
Kathleen,female,0.997624333932225,0.0023756660677748554
Kathryn,female,0.9975788078838876,0.002421192116112438
Kathy,female,0.9977794792707452,0.002220520729254903
Katia,female,0.9996223240613707,0.0003776759386293116
Kaupo,unknown,,
Kavitha,female,0.9838373094943185,0.01616269050568151
Kay,unknown,0.9625267606131104,0.03747323938688968
Kazunari,unknown,,
Kazuomi,unknown,,
Kazutoshi,unknown,,
Kazuya,male,0.03635014836795252,0.9636498516320475
Kees,male,0.01383447036046833,0.9861655296395315
Keiichi,unknown,,
Keiron,male,0.001533154710060713,0.9984668452899393
Keith,male,0.005110375118677892,0.9948896248813222
Kelcey,unknown,0.750014265943705,0.24998573405629484
Keld,unknown,,
Kelly,unknown,0.853299543121417,0.14670045687858302
Kelsey,unknown,0.9652481574076647,0.034751842592335165
Kelven,male,0.01643935036836195,0.983560649631638
Kelvin,male,0.006252872569341134,0.9937471274306588
Ken,male,0.0008308160232465538,0.9991691839767535
Kenneth,male,0.004203198692185792,0.9957968013078142
Kenney,male,0.002798723541370381,0.9972012764586294
Kenny,male,0.009965302251551147,0.9900346977484489
Kent,male,0.0025496329194340246,0.9974503670805661
Kevan,unknown,0.014495672507121117,0.9855043274928788
Kevin,male,0.0045786299559543355,0.9954213700440457
Keys,unknown,,
Khaled,male,0.0011306527930561624,0.9988693472069439
Khoem,unknown,,
Khor,unknown,,
Kihwal,unknown,,
Kim,unknown,0.8373189950019048,0.16268100499809515
Kimmy,unknown,0.7804458314531613,0.2195541685468387
Kinga,female,0.9954140180918037,0.0045859819081963205
Kip,unknown,0.020411576540610554,0.9795884234593895
Kiran,unknown,0.5255761876631578,0.47442381233684217
Kiril,male,0.015764730601042665,0.9842352693989573
Kishan,male,0.0013870178365525702,0.9986129821634475
Kishore,male,0.04821091522428818,0.9517890847757118
Kiyan,unknown,0.02851407540988175,0.9714859245901183
Kjell,male,0.005522053716404248,0.9944779462835958
Klaus,male,0.002450495100030414,0.9975495048999696
Kliment,unknown,,
Knut,male,0.03635014836795252,0.9636498516320475
Ko-haw,unknown,,
Koen,male,0.0034400322570126794,0.9965599677429874
Kohei,male,0.013638016040715241,0.9863619839592846
Kohsuke,unknown,,
Koji,male,0.005043566669187399,0.9949564333308126
Konstantin,male,0.00582340129322681,0.9941765987067732
Korale,unknown,,
Kore,male,0.02711401210588129,0.9728859878941187
Kosa,unknown,,
Kouhei,unknown,0.21724574737604052,0.7827542526239595
Kresten,unknown,0.21724574737604052,0.7827542526239595
Kris,unknown,0.49064611086743404,0.509353889132566
Krishan,male,0.0021930906227792786,0.9978069093772207
Kristen,female,0.9900086775197524,0.009991322480247485
Kristian,unknown,0.2522788165964196,0.7477211834035804
Kristin,female,0.9909417971108928,0.009058202889107103
Kristopher,male,0.004991177001209501,0.9950088229987905
Kunihiko,unknown,,
Kurt,male,0.0023033640747712526,0.9976966359252288
Kurz,unknown,,
Kyle,unknown,0.016624338654764495,0.9833756613452356
Lacton,unknown,,
Lahiru,unknown,,
Laine,unknown,0.6663431556326366,0.3336568443673633
Lajos,unknown,,
Lalitha,female,0.9662078477734617,0.03379215222653831
Lance,male,0.003410183131720007,0.9965898168682801
Larry,male,0.004417689876498012,0.9955823101235018
Lars,male,0.0003140182672050883,0.9996859817327949
Lasse,male,0.19517151682653225,0.8048284831734678
Laura,female,0.9968276795827956,0.0031723204172042813
Laure,female,0.9988850977362052,0.001114902263794884
Laurence,unknown,0.010742273170390263,0.9892577268296098
Laurent,male,0.0010508569232694999,0.9989491430767306
Lauri,unknown,0.9835316227098617,0.01646837729013828
Laurie,unknown,0.9853917969127545,0.014608203087245378
Law,male,0.034397295206441074,0.9656027047935589
Lawrence,male,0.004620525611126465,0.9953794743888736
Lazsio,unknown,,
Learning,unknown,,
Lee,unknown,0.20748290649280784,0.7925170935071921
Lei,unknown,0.9370408817953099,0.06295911820469012
Leif,male,0.0009713619457869772,0.999028638054213
Leila,female,0.9998116016972554,0.0001883983027445985
Lennard,male,0.001683669319211361,0.9983163306807887
Leo,male,0.0093883840909527,0.9906116159090472
Leon,male,0.00811990817559025,0.9918800918244096
Leonardo,male,0.0026151912765755053,0.9973848087234245
Leonid,male,0.008430418325714005,0.9915695816742859
Les,male,0.010054058258099609,0.9899459417419003
Leslie,unknown,0.6992609096010701,0.3007390903989299
Lester,unknown,0.01041392108816832,0.9895860789118317
Leszek,unknown,,
Lewis,male,0.004076570910339303,0.9959234290896606
Li,unknown,0.6955249344309407,0.3044750655690594
Liam,male,0.0011660314493615218,0.9988339685506383
Liang,male,0.06032360182905381,0.9396763981709462
Libor,unknown,,
Lieven,unknown,,
Lilantha,unknown,,
Lily,female,0.9992027219565794,0.0007972780434204598
Lin,unknown,0.5375241488744756,0.46247585112552436
Lina,female,0.9995359789808295,0.00046402101917059584
Lincoln,male,0.009006540798135764,0.9909934592018642
Linyi,unknown,,
Lionel,male,0.001625178985997713,0.9983748210140023
Lior,unknown,0.35681827453860177,0.6431817254613982
Liu,unknown,,
Liviu,unknown,0.21724574737604052,0.7827542526239595
Liyin,unknown,,
Logan,unknown,0.0687226790169386,0.9312773209830615
Lohit,unknown,,
Lon,male,0.002235483795699902,0.9977645162043001
Longwei,unknown,,
Lrnt,unknown,,
Lori,female,0.9974956464268234,0.002504353573176651
Lou,unknown,0.9073690844177793,0.0926309155822207
Louis,male,0.006779709583328715,0.9932202904166714
Luan,unknown,0.5184108619706828,0.48158913802931724
Luc,male,0.0005236867371807986,0.9994763132628192
Luca,unknown,0.03123529097894373,0.9687647090210563
Lucas,male,0.0018906308608108702,0.998109369139189
Luciano,male,0.00021985061512389098,0.9997801493848761
Lucien,male,0.0008808628647928959,0.9991191371352072
Ludwig,male,0.0007419534667551694,0.9992580465332447
Luis,male,0.005853489462746625,0.9941465105372533
Luiz,male,0.0006398738694273541,0.9993601261305726
Lukas,male,0.0007996684759378713,0.9992003315240622
Lukasz,male,0.0028505215469036044,0.9971494784530964
Luke,male,0.0016837749791650115,0.9983162250208352
Lupe,unknown,0.7559450532845263,0.24405494671547362
Lutz,unknown,0.21724574737604052,0.7827542526239595
Lydia,female,0.9983718484306408,0.001628151569359079
M,male,0.1019446331521739,0.898055366847826
MFatih,unknown,,
Ma,female,0.9969454947000962,0.003054505299903823
Maarten,male,0.058486797232777936,0.9415132027672221
Mac,male,0.0044385892836454385,0.9955614107163546
Maciej,male,0.0027965691070546686,0.9972034308929454
Madhusudan,unknown,,
Mads,male,0.08794227529118745,0.9120577247088125
Magdy,unknown,,
Magesh,unknown,,
Magnus,male,0.000663066976116333,0.9993369330238836
Magosanhi,unknown,,
Magosanyi,unknown,,
Mahadev,unknown,0.21724574737604052,0.7827542526239595
Mahendra,male,0.07732191163210099,0.922678088367899
Maho,female,0.8859490784723542,0.11405092152764582
Maik,unknown,,
Maja,female,0.9995385844131086,0.0004614155868914157
Makoto,male,0.006858888375395922,0.9931411116246041
Malcolm,male,0.0020822263327992547,0.9979177736672008
Malinda,female,0.9999059161979391,9.408380206084671e-05
Malte,unknown,,
Mamallan,unknown,,
Mamta,female,0.958099193745419,0.04190080625458099
Mandrake,unknown,,
Mandrikov,unknown,,
Manfred,male,0.0013452472599201478,0.99865475274008
Mang,unknown,0.3507122383392687,0.6492877616607313
Manjesh,unknown,0.39672835426305353,0.6032716457369465
Manohar,unknown,,
Manoj,male,0.007909682690280412,0.9920903173097195
Manola,female,0.9656027047935589,0.034397295206441074
Manoranjan,unknown,,
Manu,male,0.013287725097227258,0.9867122749027728
Manuel,male,0.006499205577169438,0.9935007944228305
Marc,male,0.0038096019232458918,0.9961903980767539
Marcel,unknown,0.054554610494798296,0.9454453895052017
Marcella,female,0.996454022903611,0.003545977096388992
Marcelo,male,0.0002682740914268271,0.9997317259085732
Marcin,male,0.003455660749393352,0.9965443392506067
Marcio,male,0.005986754834784517,0.9940132451652155
Marco,male,0.005147831587965283,0.9948521684120348
Marcus,male,0.005844111461145827,0.9941558885388541
Marecor,unknown,,
Marek,male,0.002967954598631399,0.9970320454013685
Margrit,female,0.9679019277559423,0.03209807224405764
Maria,female,0.992248720023953,0.007751279976046788
Marijan,unknown,,
Marino,male,0.0009628834690433566,0.9990371165309567
Mario,male,0.007849049603856333,0.9921509503961435
Marios,male,0.012246750862016199,0.9877532491379837
Marissa,female,0.9976902384958632,0.0023097615041368035
Marius,male,0.0009160443974404169,0.9990839556025595
Mark,male,0.0033070023618489517,0.9966929976381511
Mark-Jason,unknown,,
Marko,male,0.0005380630894099053,0.99946193691059
Markosyan,unknown,,
Markus,male,0.00015196392967456175,0.9998480360703255
Marlon,unknown,0.011877275755648453,0.9881227242443515
Marnie,female,0.9997135204506546,0.00028647954934535666
Marshall,unknown,0.012566715578468222,0.9874332844215319
Martha,female,0.996419569420263,0.003580430579736809
Martijn,male,0.16220780975543844,0.8377921902445615
Martin,male,0.004827478318363636,0.9951725216816365
Maruan,unknown,,
Marvin,male,0.006453624623670338,0.9935463753763296
Masaki,male,0.008899118612908725,0.9911008813870912
Masanobu,male,0.04945213379469435,0.9505478662053056
Masataka,unknown,0.21724574737604052,0.7827542526239595
Masato,male,0.004596957315882382,0.9954030426841176
Mashrab,unknown,,
Massimiliano,male,0.008075963162037254,0.9919240368379627
Massimo,male,0.0008930457733382131,0.9991069542266616
Mat,male,0.0024196262831275156,0.9975803737168725
Matei,male,0.009331447093298924,0.990668552906701
Matej,male,0.013735540783286232,0.9862644592167137
Mateus,male,0.003611601649814531,0.9963883983501854
Mateusz,male,0.0008377377660977539,0.9991622622339021
Mathew,male,0.0027805744309384295,0.9972194255690616
Mathias,male,0.00030259104133915373,0.9996974089586609
Mathieu,male,0.0009453492831330946,0.9990546507168669
Mats,male,0.024996876691791944,0.975003123308208
Matt,male,0.0002891275346869488,0.9997108724653131
Matteo,male,0.00024654589306500593,0.9997534541069351
Matthew,male,0.0033781280347033324,0.9966218719652967
Matthias,male,0.00034798100003449376,0.9996520189999655
Matthieu,male,0.002127504979832564,0.9978724950201675
Mattia,unknown,0.3800026749965484,0.6199973250034516
Mattias,male,0.0017903854585802786,0.9982096145414199
Maurice,unknown,0.01939133243476335,0.9806086675652365
Mauricio,male,0.0004318432234198337,0.9995681567765802
Maurizio,male,0.0036528110366315634,0.9963471889633685
Mauro,male,0.0003682627171806751,0.9996317372828194
Max,male,0.0032028152775543197,0.9967971847224456
Maxim,male,0.0015380667242270133,0.998461933275773
Maxime,unknown,0.05875613015527155,0.9412438698447284
Mayank,male,0.008940540379516816,0.9910594596204831
Maziar,male,0.05359135752868175,0.9464086424713183
Mechtilde,unknown,,
Mehdi,male,0.0019405125022023725,0.9980594874977976
Melissa,female,0.9967202417079044,0.0032797582920954583
Meri,female,0.9991918687387497,0.0008081312612502237
Merwin,male,0.00423590634489904,0.995764093655101
Mete,male,0.021144497675073974,0.978855502324926
Micah,unknown,0.12661443147861037,0.8733855685213897
Mice,unknown,,
Michael,male,0.004962948663723642,0.9950370513362765
Michal,unknown,0.44732172233029466,0.5526782776697053
Michel,unknown,0.2527026051544791,0.7472973948455209
Michele,unknown,0.9878955765844133,0.012104423415586632
Michelle,female,0.9959715494638222,0.004028450536177753
Michi,unknown,0.9342303449446305,0.06576965505536934
Mick,male,0.0009537989482390273,0.999046201051761
Miguel,male,0.0059788041863732605,0.9940211958136266
Mikael,unknown,0.06884523579973818,0.9311547642002618
Mike,male,0.0032525870204916886,0.9967474129795082
Mikhail,male,0.007044416106232736,0.9929555838937671
Miki,unknown,0.9539471080505426,0.04605289194945745
Mikkel,unknown,0.03581004462854857,0.9641899553714515
Miklos,male,0.008899118612908725,0.9911008813870912
Mikolaj,male,0.002404481689486376,0.9975955183105136
Milamber,unknown,,
Milan,unknown,0.35737308381225436,0.6426269161877456
Milena,female,0.9994773108043622,0.0005226891956377112
Miles,male,0.002343787601813208,0.9976562123981868
Milinda,female,0.9980436762915729,0.0019563237084271024
Miljenko,unknown,,
Milos,male,0.006449065543564096,0.9935509344564359
Milosz,male,0.009909121674604419,0.9900908783253956
Min,unknown,0.38737348025082163,0.6126265197491784
Ming,unknown,0.3123295249477851,0.6876704750522149
Mingjie,unknown,,
Minh,unknown,0.1324708916946222,0.8675291083053779
Minna,female,0.9993320911694161,0.0006679088305837149
Minoru,male,0.002825364025973109,0.9971746359740269
Mirjana,female,0.9834187373102582,0.016581262689741853
Mirko,male,0.01589518841193761,0.9841048115880624
Miro,male,0.017647664128421486,0.9823523358715786
Mithun,male,0.06899028791448766,0.9310097120855123
Mitko,unknown,,
Miyuru,unknown,,
Mladen,unknown,,
Modestas,unknown,0.39672835426305353,0.6032716457369465
Mohamed,male,0.00011249299085737931,0.9998875070091426
Mohammad,male,0.0004533857610886759,0.9995466142389113
Mohan,male,0.008430418325714005,0.9915695816742859
Mona,female,0.9992640903863176,0.0007359096136824144
Monica,female,0.9960216504588382,0.003978349541161687
Morakanda,unknown,,
Morakot,unknown,,
Morbus,unknown,,
Morgan,unknown,0.7949743369434507,0.2050256630565494
morgand,unknown,,
Moritz,male,0.014459325994266855,0.9855406740057331
Morris,male,0.006905536598647053,0.9930944634013531
Morten,male,0.021379850759559043,0.9786201492404409
Morton,male,0.0005609409023374072,0.9994390590976626
Moshe,male,0.0021106016868606995,0.9978893983131393
Moulliard,unknown,,
Mrinal,unknown,,
Mubarak,male,0.0048039023453287505,0.9951960976546713
Mukul,male,0.11405092152764582,0.8859490784723542
Mukund,male,0.017647664128421486,0.9823523358715786
Munzir,unknown,,
Mura,unknown,0.7827542526239595,0.21724574737604052
Murali,unknown,0.21724574737604052,0.7827542526239595
Murray,unknown,0.013807753226223955,0.986192246773776
Musachy,unknown,,
mvdb,unknown,,
Myriam,female,0.999308776721926,0.0006912232780738563
Myrna,female,0.9986084649615324,0.0013915350384675123
Myroslav,unknown,,
Myrzaliyer,unknown,,
Nadana,unknown,,
Nadav,male,0.0037748485972844987,0.9962251514027155
Nadir,male,0.0016503964113329511,0.9983496035886672
Nam,male,0.00154673510695728,0.9984532648930429
Namit,unknown,0.28075304022450887,0.7192469597754911
Nanayakkara,unknown,,
Nancy,female,0.9970711937772151,0.002928806222784819
Nandana,female,0.978855502324926,0.021144497675073974
Nandika,female,0.9736304529279972,0.02636954707200281
Naoki,unknown,0.048887474491637196,0.9511125255083628
Naoyuki,unknown,,
Napoleon,male,0.00025340898944378997,0.9997465910105562
Naresh,male,0.021379850759559043,0.9786201492404409
Nat,male,0.0008864515061922383,0.9991135484938076
Natalia,female,0.9990872276926798,0.0009127723073202007
Nataliya,female,0.9956428794378752,0.004357120562124808
Nate,unknown,0.07656214009025118,0.9234378599097487
Nathan,male,0.0031435696705118367,0.996856430329488
National,unknown,,
Natsu,unknown,,
Navis,unknown,,
Nno,unknown,,
Nirn,unknown,,
Neels,unknown,,
Neeme,unknown,,
Neeraj,male,0.0054131195440444415,0.9945868804559556
Neha,female,0.9996067030511391,0.0003932969488609131
Neil,male,0.003801882679920768,0.9961981173200793
Nemeth,unknown,,
Nestor,male,0.0002105946012701284,0.9997894053987298
Net,unknown,,
Nga,female,0.99460209261649,0.005397907383509966
Nguessan,unknown,,
Niall,male,0.0002822281376633861,0.9997177718623367
Nich,unknown,,
Nicholas,male,0.003505808683206606,0.9964941913167933
Nick,male,0.0027367167364040264,0.9972632832635959
Nicko,unknown,0.04412350739364957,0.9558764926063503
Nicky,unknown,0.1999319320107254,0.8000680679892747
Niclas,male,0.021379850759559043,0.9786201492404409
Nico,unknown,0.07157209584993685,0.9284279041500632
Nicola,unknown,0.7790734653870601,0.22092653461293982
Nicolae,male,0.017329233789479762,0.9826707662105202
Nicolas,male,0.0022789486357160387,0.997721051364284
Niels,male,0.001465318158959862,0.9985346818410402
Nigel,male,0.007729150302099222,0.9922708496979008
Nika,female,0.9955422025238492,0.004457797476150941
Nikhil,male,0.0003688284221240523,0.999631171577876
Niklas,male,0.001233779981213246,0.9987662200187868
Nikolai,male,0.0004558310877181525,0.9995441689122819
Nikolas,male,0.0009139540223785862,0.9990860459776214
Nikolay,male,0.006559177384633877,0.9934408226153661
Nilgun,unknown,,
Nilgn,unknown,,
Nils,male,0.0006571686950124152,0.9993428313049875
Nils-Helge,unknown,,
Nimesh,male,0.024057634115548784,0.9759423658844513
Ning,unknown,,
Niranjan,male,0.029173045612500302,0.9708269543874997
Nirav,male,0.0040622483300961675,0.9959377516699038
Nirmal,male,0.04945213379469435,0.9505478662053056
Nishida,unknown,,
Nissim,male,0.01435129287157356,0.9856487071284263
Nitay,unknown,,
Nithyakala,unknown,,
Nitin,male,0.0031189838425984863,0.9968810161574015
Noah,male,0.00430403968529093,0.9956959603147092
Noble,unknown,0.03779634060885632,0.9622036593911437
Nobuhiro,unknown,,
Nobuyuki,male,0.08409218268422526,0.9159078173157748
Noel,unknown,0.23127222451817284,0.7687277754818271
Noirin,unknown,0.6032716457369465,0.39672835426305353
Norbert,male,0.00038896393694203555,0.999611036063058
Norikatsu,unknown,,
Norm,male,0.003388600977768745,0.9966113990222313
Norman,male,0.006369697173126538,0.9936303028268734
Norris,unknown,0.03144209526372505,0.9685579047362749
Norval,male,0.0008074518286547535,0.9991925481713451
Novell,female,0.9571647755655462,0.04283522443445372
Nuno,male,0.011113065373150908,0.988886934626849
Nusorn,unknown,,
Nuwan,unknown,,
Ocke,unknown,,
Oghie,unknown,,
Oisin,male,0.0008560319052824404,0.9991439680947174
Okke,unknown,,
Ola,unknown,0.979290494958126,0.020709505041873962
Olaf,male,0.0007031154368540254,0.9992968845631458
Ole,male,0.0009653029668291184,0.9990346970331709
Oleg,male,0.006199296672880595,0.9938007033271195
Oleksandr,male,0.1019446331521739,0.898055366847826
Olga,female,0.9967469724314632,0.0032530275685368117
Oliver,male,0.0025725001533717525,0.9974274998466282
Oliver-Rainer,unknown,,
Oliver-Raner,unknown,,
Olivier,male,0.002938966255734568,0.9970610337442652
Om,male,0.0012547346505347122,0.9987452653494654
Omar,male,0.0049524742876468,0.9950475257123533
Omer,male,0.007563649246548943,0.992436350753451
OmPrakash,unknown,,
Oren,male,0.003376139300284069,0.996623860699716
Ortwin,unknown,,
Oscar,male,0.0049615029106308646,0.9950384970893691
Oshani,unknown,,
Ossama,male,0.04283522443445372,0.9571647755655462
Otis,unknown,0.015216597800491142,0.9847834021995089
Otto,male,0.003356982040972145,0.9966430179590279
Outerthought,unknown,,
Ove,male,0.04381226962519616,0.9561877303748039
Ovidiu,unknown,,
Owen,male,0.0021173043091921293,0.9978826956908078
Oystein,unknown,,
Oyvind,unknown,,
Ozgur,male,0.04381226962519616,0.9561877303748039
P,unknown,0.32881402355519035,0.6711859764448096
Pablo,male,0.0017423185353950621,0.9982576814646049
Paco,male,0.00733573274834862,0.9926642672516515
Padraic,male,0.0020264989424393274,0.9979735010575607
Pallewela,unknown,,
Pankaj,unknown,,
Paolo,male,0.0005956261541652153,0.9994043738458347
Par,unknown,0.7827542526239595,0.21724574737604052
Parinkumar,unknown,,
Paritosh,unknown,,
Pascal,male,0.003474276458504836,0.996525723541495
Pat,unknown,0.600260537373502,0.3997394626264979
Patanachai,unknown,,
Patranun,unknown,,
Patricia,female,0.9968479346857805,0.003152065314219522
Patrick,male,0.004185685568095931,0.9958143144319039
Patti,female,0.9989283980021522,0.0010716019978478154
Paul,male,0.00420531582793278,0.9957946841720673
Paulo,male,0.00046999619461640007,0.9995300038053835
Pavel,male,0.00161433252964092,0.9983856674703592
Pawel,male,0.0027136014611178544,0.9972863985388821
Peary,male,0.19517151682653225,0.8048284831734678
Pedro,male,0.005931507496072129,0.9940684925039279
Peeter,unknown,,
Pei,unknown,0.8902626132876614,0.10973738671233854
PeiYong,unknown,,
Pepijn,unknown,,
Per,male,0.005352779610836648,0.9946472203891634
Perrin,unknown,0.2324140550465726,0.7675859449534275
Petar,male,0.0036597708718211362,0.9963402291281789
Pete,male,0.003998358838551561,0.9960016411614484
Peter,male,0.003355278871730843,0.9966447211282691
Petr,male,0.017978016053671976,0.982021983946328
Peyronnet,unknown,,
Phil,male,0.003745133378111827,0.9962548666218882
Philip,male,0.0033480650443553812,0.9966519349556447
Philipp,male,0.0022184196277933513,0.9977815803722067
Philippe,male,0.0006704733692780779,0.9993295266307218
Phillip,male,0.004357654079423757,0.9956423459205763
Phillipp,male,0.055129500367376925,0.944870499632623
Pi,unknown,,
Pier,unknown,0.7940272753154229,0.2059727246845771
Piergiorgio,unknown,,
Piero,male,0.003480708957063041,0.996519291042937
Pierre,male,0.004419436523589577,0.9955805634764104
Pierre-Arnaud,unknown,,
Pietro,male,0.0009379631705889752,0.9990620368294111
pijmleko,unknown,,
Pileththuwasan,unknown,,
Pinaki,unknown,,
Piotr,male,0.0016433364452463019,0.9983566635547538
Piseth,unknown,,
Polly,female,0.9991795356578498,0.0008204643421502167
polx,unknown,,
Prabhath,unknown,,
Prachi,female,0.9956428794378752,0.004357120562124808
Pradeep,male,0.027901733835355363,0.9720982661646447
Prakash,male,0.02601243743364174,0.9739875625663582
Pramod,male,0.09680670913635997,0.9031932908636401
Pranav,male,0.0005888697967430422,0.9994111302032569
Prasad,unknown,0.21724574737604052,0.7827542526239595
Prasadarao,unknown,,
Prasanna,unknown,0.28075304022450887,0.7192469597754911
Prashant,male,0.006239572559394182,0.9937604274406059
Prashanth,male,0.19517151682653225,0.8048284831734678
Pratyoosh,unknown,,
Prescott,male,0.0014698032263435752,0.9985301967736565
Preston,male,0.005588077959542925,0.9944119220404571
Prof,unknown,,
proyal,unknown,,
Przemo,unknown,,
Przemyslaw,male,0.04590646629192,0.95409353370808
Pui,female,0.9571647755655462,0.04283522443445372
Pushpinder,unknown,,
Pvabhas,unknown,,
Quinton,male,0.0016515402573504085,0.9983484597426496
RA,unknown,0.271157423900566,0.7288425760994339
RR,unknown,,
Rabi,male,0.1019446331521739,0.898055366847826
Radek,male,0.017486999461042083,0.982513000538958
Radim,unknown,,
Radoslav,male,0.12125037874962125,0.8787496212503788
Radoslaw,male,0.05359135752868175,0.9464086424713183
Radostin,unknown,,
Radovan,unknown,0.39672835426305353,0.6032716457369465
Radu,male,0.0410062850116136,0.9589937149883864
Rafa,unknown,0.6502975892266688,0.3497024107733312
Rafa,unknown,0.6502975892266688,0.3497024107733312
Rafael,male,0.007797857829445458,0.9922021421705547
Rafaella,female,0.9953360709554353,0.004663929044564707
Rafal,male,0.0066042821934688845,0.9933957178065311
Raffaele,male,0.0019623195417930745,0.998037680458207
Raffaello,unknown,,
Raghotam,unknown,,
Raghotham,unknown,,
Raghu,unknown,,
Ragy,unknown,,
Rahul,male,0.0004476511088174404,0.9995523488911826
Raido,unknown,,
Rail,unknown,,
Rain,unknown,0.7894707532067912,0.2105292467932088
Rainer,unknown,0.016288770684803926,0.9837112293151961
Rajesh,male,0.0026795319914469247,0.9973204680085531
Rajeshbabu,unknown,,
Rajini,unknown,,
Rajith,unknown,,
Rakesh,male,0.0041861941027143135,0.9958138058972857
Ralf,male,0.004510597367659712,0.9954894026323403
Ralf-Michael,unknown,,
Ralph,male,0.004435955428085157,0.9955640445719149
Ram,male,0.0027485484550433172,0.9972514515449568
Rama,unknown,0.8365182401448964,0.16348175985510363
Raman,unknown,0.09117635236121922,0.9088236476387808
Ramesh,male,0.010064891512123142,0.9899351084878768
Rami,unknown,0.07833511837522908,0.9216648816247708
Raminder,unknown,,
Raminderjeet,unknown,,
Ramkrishna,unknown,,
Ramkumar,unknown,,
Ramon,male,0.007298704238423895,0.9927012957615762
Ramya,female,0.9979497067593924,0.00205029324060759
Ramzi,male,0.009736064968623108,0.9902639350313769
Rana,unknown,0.9684137256448448,0.03158627435515515
Rand,unknown,0.02822219999875699,0.9717778000012429
Randal,male,0.00461893949230929,0.9953810605076907
Randall,male,0.005862432433602562,0.9941375675663974
Randy,unknown,0.015095411236863757,0.9849045887631364
Rangika,unknown,,
Raphael,unknown,0.016846056996231276,0.9831539430037687
Raquel,female,0.9939938063606608,0.006006193639339188
Rasmus,male,0.027502233625804676,0.9724977663741953
Rastislav,unknown,0.39672835426305353,0.6032716457369465
Raul,male,0.005902835724831279,0.9940971642751688
Rauznitz,unknown,,
Ravi,male,0.002360564090502024,0.9976394359094979
Ravindra,male,0.01589518841193761,0.9841048115880624
Ray,unknown,0.025937381337633028,0.9740626186623669
Raymond,male,0.004574742859459036,0.9954252571405409
rdonkin,unknown,,
Red,unknown,0.05927077970677177,0.9407292202932283
Regina,female,0.9967697449018093,0.00323025509819062
Regis,unknown,0.06373445963385181,0.9362655403661482
Reid,unknown,0.02028010690506049,0.9797198930949396
Reiko,unknown,0.9773218367735259,0.022678163226474063
Reimar,unknown,,
Reinhard,male,0.004437651094534352,0.9955623489054657
Reini,unknown,,
Rmi,unknown,,
Remy,unknown,0.4175922923035097,0.5824077076964903
Renato,male,0.0028493709857424967,0.9971506290142574
Renaud,male,0.03264357189471394,0.9673564281052861
Ren,unknown,0.12123512175839771,0.8787648782416024
Rene,unknown,0.3126501423050152,0.6873498576949848
Reto,unknown,,
Reuben,male,0.0012271418134549444,0.998772858186545
Rex,male,0.0025288430457179743,0.997471156954282
Rey,male,0.0003183378231208456,0.9996816621768791
RGBES,unknown,,
Rhoslyn,female,0.8612299156166917,0.1387700843833083
Rian,unknown,0.3452974071401845,0.6547025928598155
Ricardo,male,0.005351530388664092,0.9946484696113358
Riccardo,male,0.0012181312314439193,0.9987818687685561
Rich,male,0.0004703414549673033,0.9995296585450326
Richa,female,0.9970350777103539,0.002964922289646111
Richard,male,0.0037174574193272183,0.9962825425806728
Rici,female,0.8228305785123967,0.17716942148760328
Rick,male,0.001685016452615202,0.9983149835473849
Ricky,male,0.008329967996144145,0.9916700320038557
Rida,unknown,0.9427692141002723,0.05723078589972788
Rimgaudas,unknown,,
Ringo,male,0.00924165325902033,0.9907583467409796
Rishi,male,0.0004906456496221967,0.9995093543503777
Risto,unknown,,
Rob,male,0.00022040561242099913,0.999779594387579
Robbie,unknown,0.46791726218579954,0.5320827378142005
Robby,unknown,0.02069554398615075,0.9793044560138493
Robert,male,0.00415994678955199,0.9958400532104481
RobertBobby,unknown,,
Roberto,male,0.008011890379891213,0.9919881096201089
Robin,unknown,0.8627154828173819,0.1372845171826182
Rod,male,0.00022048151105043048,0.9997795184889496
Rodger,male,9.025534707485088e-05,0.9999097446529251
Rodion,male,0.12942000862440706,0.8705799913755929
Rodney,male,0.004811299391031205,0.9951887006089687
Rodrigo,male,0.000339357347955473,0.9996606426520446
Roehl,unknown,,
Roger,male,0.0038538992297715317,0.9961461007702286
Rohini,female,0.9944460122784535,0.005553987721546512
Rohit,male,0.0009248659117768055,0.999075134088223
Roland,male,0.003827057420384208,0.9961729425796159
Rolf,male,0.000626107945077738,0.9993738920549221
Romain,male,0.012081524805461057,0.987918475194539
Roman,male,0.003510665829329774,0.9964893341706702
Ron,male,0.0019979752890320244,0.998002024710968
Ronald,male,0.003571027779334353,0.9964289722206657
Ronnie,unknown,0.040387502721950616,0.9596124972780493
Ronny,unknown,0.03277402149413961,0.9672259785058605
Rony,male,0.0012927353763685172,0.9987072646236316
Rory,unknown,0.12541911653916235,0.8745808834608376
Ross,male,0.004484229159990321,0.9955157708400098
Rotan,unknown,,
Roy,male,0.006623436058019808,0.9933765639419803
Ruchi,female,0.9952436797001597,0.004756320299840334
Ruchith,unknown,,
Rudolf,male,0.000663754367205171,0.9993362456327947
Rudy,unknown,0.020132236654023365,0.9798677633459766
Ruediger,unknown,,
Rui,unknown,0.03821248726285659,0.9617875127371435
Run,unknown,,
Rune,unknown,0.03480559400045061,0.9651944059995493
Runhua,unknown,,
Rupert,male,0.002728152251380213,0.9972718477486198
Ruslan,male,0.005537974683544304,0.9944620253164558
Russel,male,0.000852215181566254,0.9991477848184338
Russell,male,0.004825296197385399,0.9951747038026147
Ruwan,unknown,,
rwaldhoff,unknown,,
Ryan,unknown,0.020425797571701428,0.9795742024282985
Rdiger,unknown,,
S,unknown,,
S,unknown,,
sabel,female,0.9720982661646447,0.027901733835355363
Sabine,female,0.999190165144249,0.0008098348557509067
Sachin,male,0.0011240363062322452,0.9988759636937679
Sadeep,unknown,,
Sagara,unknown,,
Sahan,male,0.03502450694363403,0.964975493056366
Sai,unknown,0.2436867318284369,0.7563132681715632
Saisyamala,unknown,,
Sakari,unknown,0.9187256352264603,0.08127436477353969
Sally,female,0.9968618443446161,0.0031381556553837925
Salvador,male,0.004134170687517033,0.995865829312483
Salvatore,male,0.0015265849591490396,0.998473415040851
Salve,unknown,,
Sam,unknown,0.01034936186847522,0.9896506381315247
Samba,unknown,0.04831817253460276,0.9516818274653972
Sameer,male,0.0005322483535991161,0.9994677516464008
Samer,male,0.007926019943076186,0.9920739800569239
Sami,unknown,0.17974642696843912,0.8202535730315609
Saminda,unknown,,
Samisa,unknown,,
Samit,male,0.02346972688705988,0.9765302731129402
Samphan,unknown,,
Samual,male,0.00033319215570467713,0.9996668078442953
Samuel,male,0.0034839107217206314,0.9965160892782793
Sandeep,unknown,0.1858286251086772,0.8141713748913227
Sander,unknown,0.06322719936592154,0.9367728006340785
Sandra,female,0.9969192322905037,0.0030807677094961553
Sandrine,female,0.9869192381450487,0.013080761854951184
Sandro,male,0.001284093182058849,0.9987159068179412
Sandy,unknown,0.8674604927366779,0.13253950726332217
Sang-Min,unknown,,
Sangay,unknown,,
Sangjin,unknown,,
Sanjay,male,0.0007927881046784072,0.9992072118953215
Sanjaya,unknown,0.28236843698903896,0.7176315630109611
Sanjeeb,unknown,,
Sanjesh,unknown,,
Sanjiv,male,0.013638016040715241,0.9863619839592846
Sanjiva,unknown,,
Sanka,unknown,,
Sanlig,unknown,,
Santhosh,male,0.01867726678698114,0.9813227332130189
Santiago,male,0.0019545265406728384,0.9980454734593271
Santosh,male,0.011942184111573124,0.9880578158884268
Sapah,unknown,,
Sara,female,0.9970860539527507,0.0029139460472493526
Sarah,female,0.996944501932671,0.0030554980673290102
Sascha,unknown,0.7697049814639123,0.2302950185360878
Saso,unknown,,
Satadip,unknown,,
Satheesh,unknown,,
Sathwik,unknown,0.21724574737604052,0.7827542526239595
Saverio,male,0.001125353401276369,0.9988746465987237
Savvas,male,0.021379850759559043,0.9786201492404409
Sbastien,unknown,,
Sven,male,0.0009751037849946919,0.9990248962150053
Sbarnea,unknown,,
Scokart,unknown,,
Scot,male,0.0009397053708604178,0.9990602946291396
Scott,male,0.003336419672052082,0.9966635803279478
Sean,male,0.006841238834053223,0.9931587611659468
Sebastian,male,0.0022366269805109223,0.9977633730194891
Sebastien,male,0.0005603526137263751,0.9994396473862736
Sei,male,0.17716942148760328,0.8228305785123967
Seigfried,unknown,,
Selcuk,unknown,0.28075304022450887,0.7192469597754911
Selvaratnam,unknown,,
Senaka,unknown,,
Senthil,unknown,,
SeongSoo,unknown,,
Serge,male,0.0012490233064315595,0.9987509766935685
Sergey,male,0.005323111304239866,0.9946768886957602
Sergio,male,0.005084763754266578,0.9949152362457335
Serguey,unknown,,
Serhiy,unknown,,
Serkan,male,0.018860662047729022,0.9811393379522709
Sertan,unknown,,
Seth,male,0.003053055646265774,0.9969469443537341
Shadrach,male,0.0030208781558174235,0.9969791218441826
Shahani,unknown,,
Shai,unknown,0.5219698945655972,0.47803010543440283
Shakeh,unknown,,
Shalin,unknown,0.3639716592276604,0.6360283407723396
Shane,unknown,0.01782375490246299,0.9821762450975369
Shanmugam,unknown,,
Shannon,unknown,0.8613312932143753,0.13866870678562482
Shanti,unknown,0.9256118537304145,0.07438814626958548
Sharad,male,0.016725646455639766,0.9832743535443602
Sharath,male,0.12942000862440706,0.8705799913755929
Shaun,unknown,0.04017675543948744,0.9598232445605126
Shawn,unknown,0.09952745192512621,0.9004725480748739
Shazron,unknown,,
Sheetal,female,0.9925504650917463,0.00744953490825375
Shelan,female,0.8504236232245204,0.1495763767754797
Shen,male,0.03264357189471394,0.9673564281052861
Sheng,unknown,0.9164186224379167,0.08358137756208334
Shenghao,unknown,,
Sheryl,female,0.9974385233320069,0.002561476667993203
Shi,unknown,0.8065560397348258,0.19344396026517421
Shikhar,male,0.1019446331521739,0.898055366847826
Shilpa,female,0.9967709050611121,0.0032290949388879323
Shinichi,male,0.02068900148209423,0.9793109985179058
Shinichiro,unknown,,
Shinobu,unknown,0.5,0.5
Shinsuke,unknown,,
Shiva,unknown,0.4012795476025126,0.5987204523974874
Shivantha,unknown,,
Shkumbim,unknown,,
Shripad,unknown,,
Shrirang,unknown,,
Shu,unknown,0.4730724158136008,0.5269275841863992
Shudi,unknown,,
Shun,unknown,0.03657112584918042,0.9634288741508196
Si,unknown,0.3346184249310003,0.6653815750689996
Siddharth,male,0.0008633423610921333,0.9991366576389077
Siddhartha,male,0.005428417687462412,0.9945715823125376
Sidney,unknown,0.21092597076640765,0.7890740292335924
Siegfried,male,0.002871830938745437,0.9971281690612546
Sijie,unknown,,
Silicon,unknown,,
Silvio,male,0.0007237809521110829,0.9992762190478888
Sim,male,0.0009917176500133,0.9990082823499867
Simeon,male,0.0034949180312886094,0.9965050819687115
Simford,unknown,,
Simon,male,0.0026673138197614195,0.9973326861802386
Simone,unknown,0.9790958704796119,0.020904129520388174
SimoneTripodi,unknown,,
Simos,unknown,,
Sina,unknown,0.770225318252391,0.22977468174760893
Sitthichai,unknown,,
Sivakumar,male,0.19517151682653225,0.8048284831734678
Siying,unknown,,
Sjur,unknown,,
Slawek,unknown,,
Sofia,female,0.9991122854535824,0.0008877145464176847
Sonal,female,0.9970712440320956,0.0029287559679044453
Sonny,unknown,0.02336966420245371,0.9766303357975463
Sookyung,unknown,,
Sophie,female,0.9993702195192622,0.0006297804807376835
Soren,unknown,0.0541353491614692,0.9458646508385308
Soumadeep,unknown,,
Sreekanth,unknown,,
Sridhar,male,0.11405092152764582,0.8859490784723542
Srimanth,unknown,,
Srinath,male,0.05359135752868175,0.9464086424713183
Srinivasa,unknown,,
Sriskandarajah,unknown,,
Srivas,unknown,,
Stan,male,0.00022224172198180746,0.9997777582780182
Stanislav,male,0.008075963162037254,0.9919240368379627
Stanislaw,male,0.0031291460207323843,0.9968708539792677
Stanisaw,unknown,,
Stanley,male,0.0047207163405448265,0.9952792836594553
Stanton,male,0.0003017828440538096,0.9996982171559462
Stas,male,0.10765850596359071,0.8923414940364093
Stasys,unknown,,
Steen,male,0.012404935107877985,0.9875950648921219
Stefan,male,0.0022047662885889318,0.9977952337114111
Stefane,female,0.9464086424713183,0.05359135752868175
Stefano,male,0.0007393830324373894,0.9992606169675625
Steffen,male,0.0013711757275055223,0.9986288242724946
Stella,female,0.997546781296454,0.002453218703545785
Sten,male,0.01151271625302083,0.9884872837469791
Stepan,male,0.011309361193017493,0.9886906388069824
Stephan,male,0.008766977550844497,0.9912330224491555
Stephane,unknown,0.6181721654655415,0.38182783453445857
Stephen,male,0.0034075957632791454,0.9965924042367208
Sterling,unknown,0.06300642415226564,0.9369935758477344
Steve,male,0.0037791007567578496,0.9962208992432421
Steven,male,0.003483662205361441,0.9965163377946386
Stevo,unknown,,
Stig,male,0.12125037874962125,0.8787496212503788
Stuart,male,0.004448220334517487,0.9955517796654826
Sturart,unknown,,
Suat,unknown,,
Subash,unknown,,
Subiaco,unknown,,
Subin,unknown,0.39920167728409,0.60079832271591
Sudar,unknown,,
Sudhan,unknown,,
Sudhap,unknown,,
Suhas,male,0.006913291602121497,0.9930867083978786
Sujit,male,0.07432976286298061,0.9256702371370193
Sumedha,female,0.9867386165300576,0.013261383469942337
Sumit,male,0.006743397031894218,0.9932566029681058
Sun,unknown,0.5645882297362733,0.4354117702637267
Suneel,male,0.1387700843833083,0.8612299156166917
Sung-Gu,unknown,,
Sunghwan,unknown,,
Supun,unknown,,
Suraj,male,0.0015824140480932601,0.9984175859519069
Surat,unknown,,
Suresh,male,0.012818870060116816,0.987181129939883
Susan,female,0.997741857471078,0.002258142528922021
Susanne,female,0.999926048675064,7.395132493608493e-05
SuSE,unknown,,
Sushanth,male,0.05675854569523899,0.943241454304761
Svante,unknown,,
Sven,male,0.0009751037849946919,0.9990248962150053
Swaroop,unknown,,
Syamsul,unknown,,
Syed,male,0.005024263394723389,0.9949757366052766
Sylvain,male,0.02290986813228755,0.9770901318677124
Szabo,unknown,,
Szaby,unknown,,
Szalai,unknown,,
Szymon,male,0.0013471342118226877,0.9986528657881774
Sren,unknown,,
T,male,0.013934835347239148,0.9860651646527607
TElanjchezhiyan,unknown,,
Tad,male,0.0002846118065654408,0.9997153881934345
Tadeusz,male,0.004952537324515988,0.995047462675484
Tae,unknown,0.22584788665077699,0.7741521133492231
Taha,male,0.0025577989372929663,0.9974422010627071
Taigo,unknown,,
Tak-Shing,unknown,,
Takamichi,unknown,,
Takashi,male,0.0023718218476304503,0.9976281781523696
Takayuki,male,0.03635014836795252,0.9636498516320475
Tako,unknown,,
Tal,unknown,0.2991467132535038,0.7008532867464963
Tam,unknown,0.4646722596702652,0.5353277403297347
Tamas,male,0.01514329683636914,0.9848567031636308
Tams,unknown,,
Tammo,unknown,,
Taneem,unknown,0.39672835426305353,0.6032716457369465
Taniguchi,unknown,,
Tanju,unknown,,
Tanping,unknown,,
Tapan,male,0.12942000862440706,0.8705799913755929
Taras,male,0.0030496556594546945,0.9969503443405453
Tarlika,unknown,,
Taska,female,0.9310097120855123,0.06899028791448766
Tatjiana,unknown,,
Tatu,unknown,,
Taylor,unknown,0.720580021202084,0.2794199787979161
Techmaprojekt,unknown,,
Ted,male,0.003484385753383256,0.9965156142466168
Tejas,male,0.0017937293433501274,0.99820627065665
Teodoro,male,0.0006569439329408268,0.9993430560670591
Terence,male,0.0050350445907472,0.9949649554092528
Terri-Lynn,unknown,,
Terry,unknown,0.18687009204805502,0.8131299079519451
Tesfamicael,unknown,,
Tetsuya,male,0.12125037874962125,0.8787496212503788
Thad,male,0.0008600641523750139,0.999139935847625
Thavarajah,unknown,,
Thawan,unknown,,
Thejas,unknown,,
Thelge,unknown,,
Theo,unknown,0.14097112310723608,0.8590288768927639
Theodore,male,0.003980821142390367,0.9960191788576095
Thiago,male,0.0013202811907495633,0.9986797188092505
Thierry,unknown,0.034548138925871545,0.9654518610741285
Thies,unknown,,
Thilina,unknown,,
Thilini,unknown,,
Thilo,male,0.19517151682653225,0.8048284831734678
Thiruvalluvan,unknown,,
Thom,male,0.001913449293195261,0.9980865507068047
Thomas,male,0.003503649348647778,0.9964963506513522
Thoralf,unknown,0.21724574737604052,0.7827542526239595
Thorsten,male,0.03008696523896644,0.9699130347610335
Tiago,male,0.001141402732140684,0.9988585972678594
Tibor,male,0.008075963162037254,0.9919240368379627
Tien,unknown,0.39132708762829466,0.6086729123717054
Tijs,unknown,,
Till,male,0.07432976286298061,0.9256702371370193
Tilman,male,0.0022031524992613336,0.9977968475007387
Tim,male,0.002281746397893067,0.997718253602107
Tim-Christian,unknown,,
Tmr,unknown,,
Timo,male,0.008249384989623847,0.9917506150103761
Timon,male,0.004168026497607855,0.9958319735023922
Timothy,male,0.00406121780772689,0.9959387821922732
Timur,male,0.0033472651686458424,0.9966527348313542
Tink,unknown,,
Tino,male,0.0010344447259260025,0.998965555274074
TK,unknown,0.39672835426305353,0.6032716457369465
Tobias,male,9.528325278373138e-05,0.9999047167472163
Toby,unknown,0.1267607573930743,0.8732392426069256
Todd,male,0.003756609524211067,0.996243390475789
Todor,unknown,0.21724574737604052,0.7827542526239595
Tom,male,0.0041433963770230176,0.9958566036229768
Tom,male,0.0041433963770230176,0.9958566036229768
Tomas,male,0.0009899690836962709,0.9990100309163037
Tomasz,male,0.0016532374120534158,0.9983467625879467
Tomaz,male,0.027901733835355363,0.9720982661646447
Toma,unknown,0.3371386206880648,0.6628613793119352
Tomek,male,0.1495763767754797,0.8504236232245204
Tomer,male,0.004686688710955647,0.9953133112890444
Tomislav,male,0.009563755715947293,0.9904362442840526
Tommaso,male,0.003745405988905736,0.9962545940110943
Tommy,unknown,0.015273735594230523,0.9847262644057694
Tomoharu,unknown,,
Tomohito,unknown,,
Tong,male,0.006239572559394182,0.9937604274406059
Tong-Haing,unknown,,
Toni,unknown,0.9857888385705433,0.014211161429456776
Tonny,male,0.002342891602475405,0.9976571083975246
Tony,unknown,0.011507998365128792,0.9884920016348712
Topi,unknown,,
Torben,male,0.01151271625302083,0.9884872837469791
Torbjorn,unknown,0.39672835426305353,0.6032716457369465
Tore,unknown,0.1391703719022507,0.8608296280977493
Torgeir,unknown,,
Torkil,unknown,,
Torsten,male,0.004521214495002372,0.9954787855049977
Tracy,unknown,0.8044727479773874,0.1955272520226126
Trang,female,0.9897707006999906,0.010229299300009403
Travis,male,0.007053015848883099,0.992946984151117
Trees,unknown,,
Trent,male,0.002173536858701548,0.9978264631412984
Trevor,male,0.0040250634795480165,0.9959749365204519
Troy,unknown,0.012392809308773638,0.9876071906912263
Trustin,male,0.004251047269662643,0.9957489527303374
Trygve,male,0.0065146844949966354,0.9934853155050034
Tsuyoshi,male,0.05075895310980508,0.949241046890195
Tsz,unknown,,
Tsz-wo,unknown,,
TTC,unknown,,
Tlio,unknown,,
Tuomas,unknown,0.28075304022450887,0.7192469597754911
Tyson,male,0.008076074244212724,0.9919239257557873
Tzvetan,unknown,,
Udayanga,unknown,,
Udo,unknown,,
Ugo,male,0.006219369411374634,0.9937806305886254
UITE,unknown,,
Ulf,unknown,,
Ulhas,unknown,,
Uli,unknown,0.7827542526239595,0.21724574737604052
Ulrich,male,0.005770913251228212,0.9942290867487719
Uma,female,0.998566397699549,0.0014336023004510384
Umashanthi,unknown,,
Unico,unknown,,
Unreal,unknown,,
Upayavira,unknown,,
Upul,unknown,,
Uri,unknown,0.038652448605156244,0.9613475513948437
Uros,unknown,,
Urs,unknown,,
Urszula,female,0.9589937149883864,0.0410062850116136
Urka,unknown,,
Utkarsh,male,0.04821091522428818,0.9517890847757118
Uwe,male,0.04945213379469435,0.9505478662053056
V,unknown,,
V,unknown,,
Vadim,male,0.004686688710955647,0.9953133112890444
Vairamuthu,unknown,,
Valentin,male,0.00023879137550396318,0.999761208624496
Valentina,female,0.9995537556557899,0.0004462443442101007
Valerie,female,0.9972069751552586,0.0027930248447413566
Valerio,male,0.0056189767424444535,0.9943810232575556
Valery,unknown,0.9820961425903519,0.017903857409648054
Vamsavardhana,unknown,,
Vance,male,0.00582958600976685,0.9941704139902332
Vandana,female,0.980761526257592,0.019238473742407974
Vandand,unknown,,
Varun,male,0.0008142980011883798,0.9991857019988115
Vasily,male,0.0410062850116136,0.9589937149883864
Vassil,unknown,,
Vedran,unknown,,
Venkat,male,0.017486999461042083,0.982513000538958
Venugopal,unknown,,
Verena,female,0.9988185810967072,0.001181418903292916
Veresh,unknown,,
Vicente,male,0.00011144865990529323,0.9998885513400947
Vicky,female,0.9917865218906493,0.008213478109350693
Victor,male,0.005859770068097742,0.9941402299319024
Vidar,unknown,,
Viet,unknown,0.011769275276141841,0.9882307247238583
Vijai,unknown,,
Vijay,male,0.0012417561048267643,0.9987582438951733
Vijaya,unknown,0.7827542526239595,0.21724574737604052
Vikas,male,0.003625234409680176,0.9963747655903199
Vikram,male,0.0011699057935917812,0.9988300942064083
Viktoras,male,0.19517151682653225,0.8048284831734678
Viktorija,female,0.985755137880298,0.014244862119701931
Ville,male,0.08794227529118745,0.9120577247088125
Villu,unknown,,
Vinay,male,0.0014476483100921767,0.998552351689908
Vinayak,male,0.01643935036836195,0.983560649631638
Vince,male,0.0006250247452289031,0.9993749752547711
Vincent,male,0.00424127942326019,0.99575872057674
Vincenzo,male,0.00029020183833980857,0.9997097981616602
Vinod,male,0.011942184111573124,0.9880578158884268
Vinzenz,unknown,,
Violeta,female,0.9985426340604833,0.0014573659395167025
Virag,unknown,0.7550499897980004,0.24495001020199958
Viras,unknown,,
Vishal,male,0.0009741147564794251,0.9990258852435207
Vishwanath,unknown,,
Vitaly,male,0.017978016053671976,0.982021983946328
Vitor,male,0.014244862119701931,0.985755137880298
Vitthal,unknown,,
Vivek,male,0.0010239670556405189,0.9989760329443595
Vlad,male,0.0054131195440444415,0.9945868804559556
Vladimir,male,0.00041858058469483887,0.9995814194153052
Volker,unknown,,
Vytautas,male,0.03264357189471394,0.9673564281052861
W,unknown,,
Wad,unknown,,
Wade,male,0.002522763951361876,0.9974772360486382
Walter,male,0.0058700259259335166,0.9941299740740663
Wang,male,0.024057634115548784,0.9759423658844513
Ward,male,0.0011647955189378536,0.9988352044810621
Warner,male,0.0063771434716742,0.9936228565283258
Warren,male,0.00507410098715435,0.9949258990128456
Waruna,unknown,,
Wayne,male,0.004554817859281707,0.9954451821407184
Weerapurage,unknown,,
Wei,unknown,0.2003184351568452,0.7996815648431548
Wendy,female,0.9963357787288151,0.0036642212711848984
werken,unknown,,
Werner,male,0.000579804358892378,0.9994201956411075
Wernher,unknown,,
Wes,male,0.0005032433098612213,0.9994967566901387
Wesley,unknown,0.011026122618273041,0.9889738773817268
Weston,male,0.0006666755552772574,0.9993333244447228
Wido,unknown,,
Wilfredo,male,0.0002126227229842064,0.9997873772770158
Wilhelm,male,0.0012696636581119925,0.9987303363418881
Will,unknown,0.014230760445786441,0.9857692395542136
Willem,male,0.0008074518286547535,0.9991925481713451
William,male,0.003845212199351887,0.9961547878006481
Willy,unknown,0.03216745644438101,0.9678325435556189
Wilson,male,0.0039497973258214615,0.9960502026741785
Wind,unknown,,
Wing,unknown,0.35663808375752193,0.6433619162424781
Winston,male,0.003933716832834073,0.996066283167166
Witek,unknown,,
Witold,male,0.029173045612500302,0.9708269543874997
Wojciech,male,0.006342589657431476,0.9936574103425686
Wolf,male,0.003011405966622434,0.9969885940333776
Wolfgang,male,0.0011509780197233818,0.9988490219802767
Wolfram,male,0.12942000862440706,0.8705799913755929
Woonsan,unknown,,
Wouter,unknown,,
Wu,unknown,0.24495001020199958,0.7550499897980004
Xabier,male,0.04483492680011951,0.9551650731998805
Xander,male,0.0008513291860655011,0.9991486708139345
Xavier,male,0.007187855126446581,0.9928121448735535
Xenia,female,0.9991857019988115,0.0008142980011883798
Xi,unknown,0.5601906840871882,0.4398093159128118
Xia,female,0.9958409982989839,0.004159001701016106
Xiao,unknown,0.7002114232629657,0.2997885767370343
Xiao-Feng,unknown,,
Xiaogang,unknown,,
Xiaohong,unknown,,
Xiaohua,unknown,,
Xin,unknown,0.8419960944046019,0.15800390559539812
Xiping,unknown,,
Xuacu,unknown,,
Xuan,unknown,0.9018253903221536,0.09817460967784634
Xue,unknown,0.35987316519638346,0.6401268348036165
Xuefu,unknown,,
Xueqiang,unknown,,
Xun,unknown,,
Xunlong,unknown,,
Yan,unknown,0.17986449269968618,0.8201355073003138
Yana,female,0.9988497112540495,0.001150288745950514
Yang,unknown,0.18514417519920626,0.8148558248007938
Yann,male,0.006280375200757516,0.9937196247992426
Yash,male,0.0007646979013326316,0.9992353020986673
Yashwant,unknown,0.21724574737604052,0.7827542526239595
Yauheny,unknown,,
Yegor,male,0.06032360182905381,0.9396763981709462
Yi,unknown,0.4971954313202264,0.5028045686797736
Yin,unknown,0.5456737795966092,0.4543262204033908
Ying,unknown,0.6477716042085353,0.3522283957914647
Yoann,male,0.10765850596359071,0.8923414940364093
Yoav,male,0.006300977294437505,0.9936990227055625
Yohei,male,0.05075895310980508,0.949241046890195
Yong,unknown,0.27914505752621677,0.7208549424737832
Yongming,unknown,,
Yongqiang,unknown,,
Yonik,unknown,,
Yoshihiso,unknown,,
Yoshiki,male,0.07432976286298061,0.9256702371370193
Yoshiyuki,male,0.04821091522428818,0.9517890847757118
Yosuke,male,0.06032360182905381,0.9396763981709462
Young,unknown,0.1968906836526649,0.803109316347335
Youngjin,unknown,,
YourKit,unknown,,
Youssef,male,0.0009143002499569695,0.9990856997500429
Yudong,unknown,,
Yue,unknown,0.3176054938777538,0.6823945061222463
Yukata,unknown,,
Yuki,unknown,0.6488431279411726,0.35115687205882734
Yukiharu,unknown,,
Yun,unknown,0.6365148528159864,0.36348514718401365
Yunkai,unknown,,
Yuri,unknown,0.5955845684983684,0.4044154315016315
Yusaku,unknown,,
Yusuke,male,0.006963416685518066,0.993036583314482
Yvan,unknown,0.01841414042511526,0.9815858595748848
Zack,male,0.00016241022455225915,0.9998375897754478
Zaheda,unknown,0.7192469597754911,0.28075304022450887
Zaoliang,unknown,,
Zarick,unknown,,
Zeev,male,0.03264357189471394,0.9673564281052861
Zhang,unknown,0.28075304022450887,0.7192469597754911
Zhao,unknown,0.24495001020199958,0.7550499897980004
Zhaohui,unknown,0.39672835426305353,0.6032716457369465
Zhe,male,0.17716942148760328,0.8228305785123967
Zhen,unknown,0.09574137797210938,0.9042586220278906
Zheng,male,0.06032360182905381,0.9396763981709462
Zhenhua,unknown,,
Zhihong,unknown,,
Zhijie,unknown,,
Zhiwu,unknown,,
Zhong,male,0.17716942148760328,0.8228305785123967
Zhou,unknown,,
Zhu,unknown,,
Ziv,male,0.017978016053671976,0.982021983946328
Zoe,female,0.996563047478933,0.0034369525210670997
Zoltan,male,0.002168333480839012,0.997831666519161
Zoltn,unknown,,
Zvi,male,0.0033472651686458424,0.9966527348313542
ukasz,unknown,,
